task,train_seed,stdmax,eval_noise_sigma,diag_seed,num_probe_states,horizon,atr_q90,same_radius_q90,clean_transition_l2_median,smpr,same_radius_median,semantic_diff_l2_median,semantic_margin_median,semantic_pair_count,smpr_status,smpr_pair_rule,atr_source,smpr_source
TwoRoom,3072,0.0,0.08,9101,100,8,1.5144974763039856,21.572093963623047,14.243730545043945,0.31147539615631104,17.86842918395996,15.24356460571289,-2.7326622009277344,61,ok,task-grounded label contrast within closest state-distance neighborhood,assets/paper1_data/acpc_phase0_lewm_three_seed.json,assets/paper1_data/semantic_task_grounded_margin_lewm_full_sweep_20260708.json
TwoRoom,3072,0.01,0.08,9101,100,8,1.0454658513469122,15.2243013381958,14.562217712402344,0.7540982961654663,7.927867412567139,15.399575233459473,6.34306526184082,61,ok,task-grounded label contrast within closest state-distance neighborhood,assets/paper1_data/acpc_phase0_lewm_three_seed.json,assets/paper1_data/semantic_task_grounded_margin_lewm_full_sweep_20260708.json
TwoRoom,3072,0.02,0.08,9101,100,8,0.524863134862661,7.584930419921875,14.451253890991211,0.9180327653884888,2.795975685119629,15.53671646118164,12.309497833251953,61,ok,task-grounded label contrast within closest state-distance neighborhood,assets/paper1_data/acpc_phase0_lewm_three_seed.json,assets/paper1_data/semantic_task_grounded_margin_lewm_full_sweep_20260708.json
TwoRoom,3072,0.03,0.08,9101,100,8,0.3828659421463786,5.352897644042969,13.981127738952637,0.9508196115493774,2.187506914138794,15.662430763244629,12.671735763549805,61,ok,task-grounded label contrast within closest state-distance neighborhood,assets/paper1_data/acpc_phase0_lewm_three_seed.json,assets/paper1_data/semantic_task_grounded_margin_lewm_full_sweep_20260708.json
TwoRoom,3072,0.04,0.08,9101,100,8,0.22495174734177023,3.1249732971191406,13.891749382019043,0.9508196115493774,1.831615924835205,15.709754943847656,12.125232696533203,61,ok,task-grounded label contrast within closest state-distance neighborhood,assets/paper1_data/acpc_phase0_lewm_three_seed.json,assets/paper1_data/semantic_task_grounded_margin_lewm_full_sweep_20260708.json
TwoRoom,3072,0.05,0.08,9101,100,8,0.15127483843110764,2.1343517303466797,14.109099388122559,0.9836065173149109,0.9265725612640381,16.075031280517578,14.733627319335938,61,ok,task-grounded label contrast within closest state-distance neighborhood,assets/paper1_data/acpc_phase0_lewm_three_seed.json,assets/paper1_data/semantic_task_grounded_margin_lewm_full_sweep_20260708.json
TwoRoom,3072,0.06,0.08,9101,100,8,0.1234770073397245,1.6965805292129517,13.740052223205566,0.9999999403953552,0.7753173112869263,15.535324096679688,14.44884204864502,61,ok,task-grounded label contrast within closest state-distance neighborhood,assets/paper1_data/acpc_phase0_lewm_three_seed.json,assets/paper1_data/semantic_task_grounded_margin_lewm_full_sweep_20260708.json
TwoRoom,3072,0.07,0.08,9101,100,8,0.10804642401409735,1.483778953552246,13.73279094696045,0.9836065173149109,0.7220908999443054,15.498498916625977,14.786296844482422,61,ok,task-grounded label contrast within closest state-distance neighborhood,assets/paper1_data/acpc_phase0_lewm_three_seed.json,assets/paper1_data/semantic_task_grounded_margin_lewm_full_sweep_20260708.json
TwoRoom,3072,0.08,0.08,9101,100,8,0.09345786316418216,1.214482069015503,12.994969367980957,0.9999999403953552,0.8886994123458862,15.379831314086914,14.791108131408691,61,ok,task-grounded label contrast within closest state-distance neighborhood,assets/paper1_data/acpc_phase0_lewm_three_seed.json,assets/paper1_data/semantic_task_grounded_margin_lewm_full_sweep_20260708.json
TwoRoom,3073,0.0,0.08,9101,100,8,1.5172889279112693,21.68018341064453,14.288763999938965,0.2950819432735443,17.20374870300293,15.461257934570312,-2.367532730102539,61,ok,task-grounded label contrast within closest state-distance neighborhood,assets/paper1_data/acpc_phase0_lewm_three_seed.json,assets/paper1_data/semantic_task_grounded_margin_lewm_full_sweep_20260708.json
TwoRoom,3073,0.01,0.08,9101,100,8,1.2074334060413774,17.421016693115234,14.428138732910156,0.6393442153930664,11.899813652038574,15.539799690246582,4.312619209289551,61,ok,task-grounded label contrast within closest state-distance neighborhood,assets/paper1_data/acpc_phase0_lewm_three_seed.json,assets/paper1_data/semantic_task_grounded_margin_lewm_full_sweep_20260708.json
TwoRoom,3073,0.02,0.08,9101,100,8,0.41332575614051703,5.990120887756348,14.492493629455566,0.9344261884689331,3.1752536296844482,15.790637969970703,11.773941040039062,61,ok,task-grounded label contrast within closest state-distance neighborhood,assets/paper1_data/acpc_phase0_lewm_three_seed.json,assets/paper1_data/semantic_task_grounded_margin_lewm_full_sweep_20260708.json
TwoRoom,3073,0.03,0.08,9101,100,8,0.31787704876756295,4.545101642608643,14.298300743103027,0.9672130346298218,2.082750082015991,15.792962074279785,13.16728401184082,61,ok,task-grounded label contrast within closest state-distance neighborhood,assets/paper1_data/acpc_phase0_lewm_three_seed.json,assets/paper1_data/semantic_task_grounded_margin_lewm_full_sweep_20260708.json
TwoRoom,3073,0.04,0.08,9101,100,8,0.18739531436214732,2.6230361461639404,13.99734115600586,0.9999999403953552,1.4121595621109009,15.962122917175293,13.75597095489502,61,ok,task-grounded label contrast within closest state-distance neighborhood,assets/paper1_data/acpc_phase0_lewm_three_seed.json,assets/paper1_data/semantic_task_grounded_margin_lewm_full_sweep_20260708.json
TwoRoom,3073,0.05,0.08,9101,100,8,0.14856732013351304,2.105093240737915,14.169288635253906,0.9999999403953552,0.9678639769554138,15.660270690917969,14.492164611816406,61,ok,task-grounded label contrast within closest state-distance neighborhood,assets/paper1_data/acpc_phase0_lewm_three_seed.json,assets/paper1_data/semantic_task_grounded_margin_lewm_full_sweep_20260708.json
TwoRoom,3073,0.06,0.08,9101,100,8,0.14182382008298536,1.8944076299667358,13.357471466064453,0.9999999403953552,0.7307016849517822,15.256877899169922,14.450777053833008,61,ok,task-grounded label contrast within closest state-distance neighborhood,assets/paper1_data/acpc_phase0_lewm_three_seed.json,assets/paper1_data/semantic_task_grounded_margin_lewm_full_sweep_20260708.json
TwoRoom,3073,0.07,0.08,9101,100,8,0.12172704920747152,1.6160694360733032,13.27617359161377,0.9999999403953552,0.9069165587425232,15.562158584594727,14.427406311035156,61,ok,task-grounded label contrast within closest state-distance neighborhood,assets/paper1_data/acpc_phase0_lewm_three_seed.json,assets/paper1_data/semantic_task_grounded_margin_lewm_full_sweep_20260708.json
TwoRoom,3073,0.08,0.08,9101,100,8,0.1321221251210847,1.7037322521209717,12.895132064819336,0.9836065173149109,0.7477059364318848,16.525049209594727,16.02686882019043,61,ok,task-grounded label contrast within closest state-distance neighborhood,assets/paper1_data/acpc_phase0_lewm_three_seed.json,assets/paper1_data/semantic_task_grounded_margin_lewm_full_sweep_20260708.json
TwoRoom,3074,0.0,0.08,9101,100,8,1.4947153046014692,21.129215240478516,14.135946273803711,0.4098360538482666,16.404375076293945,15.475909233093262,-1.390131950378418,61,ok,task-grounded label contrast within closest state-distance neighborhood,assets/paper1_data/acpc_phase0_lewm_three_seed.json,assets/paper1_data/semantic_task_grounded_margin_lewm_full_sweep_20260708.json
TwoRoom,3074,0.01,0.08,9101,100,8,1.1131421031913513,15.768158912658691,14.165450096130371,0.7704917788505554,8.724719047546387,15.902660369873047,6.06801700592041,61,ok,task-grounded label contrast within closest state-distance neighborhood,assets/paper1_data/acpc_phase0_lewm_three_seed.json,assets/paper1_data/semantic_task_grounded_margin_lewm_full_sweep_20260708.json
TwoRoom,3074,0.02,0.08,9101,100,8,0.527574942818781,7.4571099281311035,14.134693145751953,0.8852458596229553,3.811412811279297,15.670028686523438,11.24194622039795,61,ok,task-grounded label contrast within closest state-distance neighborhood,assets/paper1_data/acpc_phase0_lewm_three_seed.json,assets/paper1_data/semantic_task_grounded_margin_lewm_full_sweep_20260708.json
TwoRoom,3074,0.03,0.08,9101,100,8,0.31023774003220617,4.396345138549805,14.170890808105469,0.9344261884689331,2.489154815673828,15.80446720123291,12.8611478805542,61,ok,task-grounded label contrast within closest state-distance neighborhood,assets/paper1_data/acpc_phase0_lewm_three_seed.json,assets/paper1_data/semantic_task_grounded_margin_lewm_full_sweep_20260708.json
TwoRoom,3074,0.04,0.08,9101,100,8,0.20471947941948562,2.8430323600769043,13.88745403289795,0.9999999403953552,1.2643591165542603,15.968753814697266,13.959830284118652,61,ok,task-grounded label contrast within closest state-distance neighborhood,assets/paper1_data/acpc_phase0_lewm_three_seed.json,assets/paper1_data/semantic_task_grounded_margin_lewm_full_sweep_20260708.json
TwoRoom,3074,0.05,0.08,9101,100,8,0.18338815425774974,2.451815128326416,13.369539260864258,0.9999999403953552,1.1704319715499878,16.305835723876953,14.51102066040039,61,ok,task-grounded label contrast within closest state-distance neighborhood,assets/paper1_data/acpc_phase0_lewm_three_seed.json,assets/paper1_data/semantic_task_grounded_margin_lewm_full_sweep_20260708.json
TwoRoom,3074,0.06,0.08,9101,100,8,0.10773770150558551,1.5415016412734985,14.307912826538086,0.9836065173149109,0.7459681630134583,15.647661209106445,14.861209869384766,61,ok,task-grounded label contrast within closest state-distance neighborhood,assets/paper1_data/acpc_phase0_lewm_three_seed.json,assets/paper1_data/semantic_task_grounded_margin_lewm_full_sweep_20260708.json
TwoRoom,3074,0.07,0.08,9101,100,8,0.1168179124558464,1.568643569946289,13.428108215332031,0.9836065173149109,0.839363157749176,15.522727012634277,14.27995777130127,61,ok,task-grounded label contrast within closest state-distance neighborhood,assets/paper1_data/acpc_phase0_lewm_three_seed.json,assets/paper1_data/semantic_task_grounded_margin_lewm_full_sweep_20260708.json
TwoRoom,3074,0.08,0.08,9101,100,8,0.1080286071798046,1.4567373991012573,13.484737396240234,0.9836065173149109,0.6617761254310608,15.506891250610352,14.987125396728516,61,ok,task-grounded label contrast within closest state-distance neighborhood,assets/paper1_data/acpc_phase0_lewm_three_seed.json,assets/paper1_data/semantic_task_grounded_margin_lewm_full_sweep_20260708.json
PushT,3072,0.0,0.08,9101,100,8,3.4252009231417477,20.373199462890625,5.948030471801758,0.4285714328289032,18.202964782714844,17.375560760498047,-0.8763599395751953,98,ok,task-grounded label contrast within closest state-distance neighborhood,assets/paper1_data/acpc_phase0_lewm_three_seed.json,assets/paper1_data/semantic_task_grounded_margin_lewm_full_sweep_20260708.json
PushT,3072,0.01,0.08,9101,100,8,2.0975276746126346,12.114895820617676,5.7757978439331055,0.9285714030265808,7.519920349121094,17.685935974121094,8.406012535095215,98,ok,task-grounded label contrast within closest state-distance neighborhood,assets/paper1_data/acpc_phase0_lewm_three_seed.json,assets/paper1_data/semantic_task_grounded_margin_lewm_full_sweep_20260708.json
PushT,3072,0.02,0.08,9101,100,8,1.078168166445085,6.307812690734863,5.850490570068359,0.9693877100944519,3.6116323471069336,17.501407623291016,12.639883041381836,98,ok,task-grounded label contrast within closest state-distance neighborhood,assets/paper1_data/acpc_phase0_lewm_three_seed.json,assets/paper1_data/semantic_task_grounded_margin_lewm_full_sweep_20260708.json
PushT,3072,0.03,0.08,9101,100,8,0.6133715048678218,3.6284141540527344,5.915524482727051,1.0,1.7881324291229248,17.88258171081543,14.86817741394043,98,ok,task-grounded label contrast within closest state-distance neighborhood,assets/paper1_data/acpc_phase0_lewm_three_seed.json,assets/paper1_data/semantic_task_grounded_margin_lewm_full_sweep_20260708.json
PushT,3072,0.04,0.08,9101,100,8,0.50333236612653,2.881791114807129,5.725423812866211,0.9897959232330322,1.618726372718811,17.725370407104492,15.233917236328125,98,ok,task-grounded label contrast within closest state-distance neighborhood,assets/paper1_data/acpc_phase0_lewm_three_seed.json,assets/paper1_data/semantic_task_grounded_margin_lewm_full_sweep_20260708.json
PushT,3072,0.05,0.08,9101,100,8,0.5036910676900177,2.7001867294311523,5.360799312591553,1.0,1.4822723865509033,17.40440559387207,15.299541473388672,98,ok,task-grounded label contrast within closest state-distance neighborhood,assets/paper1_data/acpc_phase0_lewm_three_seed.json,assets/paper1_data/semantic_task_grounded_margin_lewm_full_sweep_20260708.json
PushT,3072,0.06,0.08,9101,100,8,0.4832480827393781,2.329923629760742,4.82138204574585,1.0,1.4429922103881836,17.558277130126953,15.627695083618164,98,ok,task-grounded label contrast within closest state-distance neighborhood,assets/paper1_data/acpc_phase0_lewm_three_seed.json,assets/paper1_data/semantic_task_grounded_margin_lewm_full_sweep_20260708.json
PushT,3072,0.07,0.08,9101,100,8,0.33615049769286,1.8453311920166016,5.489598274230957,1.0,0.8265690803527832,17.25482177734375,15.643841743469238,98,ok,task-grounded label contrast within closest state-distance neighborhood,assets/paper1_data/acpc_phase0_lewm_three_seed.json,assets/paper1_data/semantic_task_grounded_margin_lewm_full_sweep_20260708.json
PushT,3072,0.08,0.08,9101,100,8,0.22418129709450388,1.2384361028671265,5.524261474609375,1.0,0.7771425247192383,17.60802459716797,16.227333068847656,98,ok,task-grounded label contrast within closest state-distance neighborhood,assets/paper1_data/acpc_phase0_lewm_three_seed.json,assets/paper1_data/semantic_task_grounded_margin_lewm_full_sweep_20260708.json
PushT,3073,0.0,0.08,9101,100,8,3.9464090489730728,21.43501091003418,5.431522846221924,0.23469386994838715,19.992938995361328,17.51644515991211,-2.244981288909912,98,ok,task-grounded label contrast within closest state-distance neighborhood,assets/paper1_data/acpc_phase0_lewm_three_seed.json,assets/paper1_data/semantic_task_grounded_margin_lewm_full_sweep_20260708.json
PushT,3073,0.01,0.08,9101,100,8,3.3327761202221877,18.530624389648438,5.560116767883301,0.714285671710968,13.786016464233398,17.511825561523438,2.934873104095459,98,ok,task-grounded label contrast within closest state-distance neighborhood,assets/paper1_data/acpc_phase0_lewm_three_seed.json,assets/paper1_data/semantic_task_grounded_margin_lewm_full_sweep_20260708.json
PushT,3073,0.02,0.08,9101,100,8,2.5243999152143277,13.572619438171387,5.376572608947754,0.9081632494926453,6.978662490844727,17.261180877685547,8.849311828613281,98,ok,task-grounded label contrast within closest state-distance neighborhood,assets/paper1_data/acpc_phase0_lewm_three_seed.json,assets/paper1_data/semantic_task_grounded_margin_lewm_full_sweep_20260708.json
PushT,3073,0.03,0.08,9101,100,8,0.7399988157138043,4.385834693908691,5.926813125610352,0.9897959232330322,2.072024345397949,17.80867576599121,14.783273696899414,98,ok,task-grounded label contrast within closest state-distance neighborhood,assets/paper1_data/acpc_phase0_lewm_three_seed.json,assets/paper1_data/semantic_task_grounded_margin_lewm_full_sweep_20260708.json
PushT,3073,0.04,0.08,9101,100,8,0.4237914113405229,2.499682903289795,5.898380279541016,1.0,1.5192039012908936,17.46249008178711,15.654243469238281,98,ok,task-grounded label contrast within closest state-distance neighborhood,assets/paper1_data/acpc_phase0_lewm_three_seed.json,assets/paper1_data/semantic_task_grounded_margin_lewm_full_sweep_20260708.json
PushT,3073,0.05,0.08,9101,100,8,0.40131830289896114,2.3311803340911865,5.808806419372559,1.0,1.2153239250183105,17.122713088989258,15.073539733886719,98,ok,task-grounded label contrast within closest state-distance neighborhood,assets/paper1_data/acpc_phase0_lewm_three_seed.json,assets/paper1_data/semantic_task_grounded_margin_lewm_full_sweep_20260708.json
PushT,3073,0.06,0.08,9101,100,8,0.3270716653991855,1.93101966381073,5.903964996337891,1.0,1.0123887062072754,17.5701847076416,15.527758598327637,98,ok,task-grounded label contrast within closest state-distance neighborhood,assets/paper1_data/acpc_phase0_lewm_three_seed.json,assets/paper1_data/semantic_task_grounded_margin_lewm_full_sweep_20260708.json
PushT,3073,0.07,0.08,9101,100,8,0.27490800050609143,1.5996897220611572,5.819000244140625,1.0,0.8467221260070801,17.448469161987305,15.364755630493164,98,ok,task-grounded label contrast within closest state-distance neighborhood,assets/paper1_data/acpc_phase0_lewm_three_seed.json,assets/paper1_data/semantic_task_grounded_margin_lewm_full_sweep_20260708.json
PushT,3073,0.08,0.08,9101,100,8,0.2663277454467475,1.459782361984253,5.481150150299072,1.0,0.7010137438774109,17.464778900146484,16.346954345703125,98,ok,task-grounded label contrast within closest state-distance neighborhood,assets/paper1_data/acpc_phase0_lewm_three_seed.json,assets/paper1_data/semantic_task_grounded_margin_lewm_full_sweep_20260708.json
PushT,3074,0.0,0.08,9101,100,8,3.368840925923857,19.55472183227539,5.804584503173828,0.6530612111091614,16.96990203857422,17.87258529663086,1.3760385513305664,98,ok,task-grounded label contrast within closest state-distance neighborhood,assets/paper1_data/acpc_phase0_lewm_three_seed.json,assets/paper1_data/semantic_task_grounded_margin_lewm_full_sweep_20260708.json
PushT,3074,0.01,0.08,9101,100,8,2.4359892308956077,14.055628776550293,5.769988059997559,0.8469387292861938,8.63224983215332,17.419612884521484,7.040015697479248,98,ok,task-grounded label contrast within closest state-distance neighborhood,assets/paper1_data/acpc_phase0_lewm_three_seed.json,assets/paper1_data/semantic_task_grounded_margin_lewm_full_sweep_20260708.json
PushT,3074,0.02,0.08,9101,100,8,1.1164728551486196,6.347475528717041,5.685293197631836,0.9897959232330322,3.4670941829681396,17.124258041381836,12.573275566101074,98,ok,task-grounded label contrast within closest state-distance neighborhood,assets/paper1_data/acpc_phase0_lewm_three_seed.json,assets/paper1_data/semantic_task_grounded_margin_lewm_full_sweep_20260708.json
PushT,3074,0.03,0.08,9101,100,8,0.6350778064999901,3.8366124629974365,6.041169166564941,1.0,2.0545525550842285,17.863269805908203,14.664518356323242,98,ok,task-grounded label contrast within closest state-distance neighborhood,assets/paper1_data/acpc_phase0_lewm_three_seed.json,assets/paper1_data/semantic_task_grounded_margin_lewm_full_sweep_20260708.json
PushT,3074,0.04,0.08,9101,100,8,0.44894904308193334,2.5746750831604004,5.734893798828125,1.0,1.471009373664856,17.55613899230957,14.730710983276367,98,ok,task-grounded label contrast within closest state-distance neighborhood,assets/paper1_data/acpc_phase0_lewm_three_seed.json,assets/paper1_data/semantic_task_grounded_margin_lewm_full_sweep_20260708.json
PushT,3074,0.05,0.08,9101,100,8,0.5117253256273983,2.7168705463409424,5.3092360496521,1.0,1.506904125213623,17.585790634155273,15.235418319702148,98,ok,task-grounded label contrast within closest state-distance neighborhood,assets/paper1_data/acpc_phase0_lewm_three_seed.json,assets/paper1_data/semantic_task_grounded_margin_lewm_full_sweep_20260708.json
PushT,3074,0.06,0.08,9101,100,8,0.2956034247775745,1.752495527267456,5.9285359382629395,1.0,0.795268177986145,17.854373931884766,15.856171607971191,98,ok,task-grounded label contrast within closest state-distance neighborhood,assets/paper1_data/acpc_phase0_lewm_three_seed.json,assets/paper1_data/semantic_task_grounded_margin_lewm_full_sweep_20260708.json
PushT,3074,0.07,0.08,9101,100,8,0.2982819872304896,1.6642999649047852,5.579619407653809,1.0,1.015272617340088,16.876312255859375,15.177249908447266,98,ok,task-grounded label contrast within closest state-distance neighborhood,assets/paper1_data/acpc_phase0_lewm_three_seed.json,assets/paper1_data/semantic_task_grounded_margin_lewm_full_sweep_20260708.json
PushT,3074,0.08,0.08,9101,100,8,0.24924560008746618,1.4653362035751343,5.879085540771484,1.0,0.6220362782478333,17.537567138671875,16.24110984802246,98,ok,task-grounded label contrast within closest state-distance neighborhood,assets/paper1_data/acpc_phase0_lewm_three_seed.json,assets/paper1_data/semantic_task_grounded_margin_lewm_full_sweep_20260708.json
Reacher,3072,0.0,0.08,9101,100,8,2.612153470267934,17.891921997070312,6.849491119384766,0.7699999809265137,14.782209396362305,18.70722770690918,3.1312713623046875,100,ok,task-grounded label contrast within closest state-distance neighborhood,assets/paper1_data/acpc_phase0_lewm_three_seed.json,assets/paper1_data/semantic_task_grounded_margin_lewm_full_sweep_20260708.json
Reacher,3072,0.01,0.08,9101,100,8,2.633614549569611,18.181629180908203,6.903678894042969,0.8999999761581421,5.151379108428955,18.729354858398438,10.535755157470703,100,ok,task-grounded label contrast within closest state-distance neighborhood,assets/paper1_data/acpc_phase0_lewm_three_seed.json,assets/paper1_data/semantic_task_grounded_margin_lewm_full_sweep_20260708.json
Reacher,3072,0.02,0.08,9101,100,8,0.06478999624693388,0.44607818126678467,6.884985446929932,1.0,0.18852576613426208,19.01788902282715,18.787851333618164,100,ok,task-grounded label contrast within closest state-distance neighborhood,assets/paper1_data/acpc_phase0_lewm_three_seed.json,assets/paper1_data/semantic_task_grounded_margin_lewm_full_sweep_20260708.json
Reacher,3072,0.03,0.08,9101,100,8,0.19834278867908908,1.3913661241531372,7.014956951141357,1.0,0.7062433958053589,18.691917419433594,17.994136810302734,100,ok,task-grounded label contrast within closest state-distance neighborhood,assets/paper1_data/acpc_phase0_lewm_three_seed.json,assets/paper1_data/semantic_task_grounded_margin_lewm_full_sweep_20260708.json
Reacher,3072,0.04,0.08,9101,100,8,0.15205680051564777,1.05931556224823,6.966578006744385,1.0,0.4985601305961609,18.749202728271484,18.074434280395508,100,ok,task-grounded label contrast within closest state-distance neighborhood,assets/paper1_data/acpc_phase0_lewm_three_seed.json,assets/paper1_data/semantic_task_grounded_margin_lewm_full_sweep_20260708.json
Reacher,3072,0.05,0.08,9101,100,8,0.045968284705797675,0.3514409065246582,7.645290851593018,1.0,0.17050093412399292,18.186830520629883,17.72184944152832,100,ok,task-grounded label contrast within closest state-distance neighborhood,assets/paper1_data/acpc_phase0_lewm_three_seed.json,assets/paper1_data/semantic_task_grounded_margin_lewm_full_sweep_20260708.json
Reacher,3072,0.06,0.08,9101,100,8,0.09333476847477239,0.6450333595275879,6.910965442657471,1.0,0.3443108797073364,18.810741424560547,18.42116928100586,100,ok,task-grounded label contrast within closest state-distance neighborhood,assets/paper1_data/acpc_phase0_lewm_three_seed.json,assets/paper1_data/semantic_task_grounded_margin_lewm_full_sweep_20260708.json
Reacher,3072,0.07,0.08,9101,100,8,0.08639070683487915,0.6033676266670227,6.984172821044922,1.0,0.25583046674728394,18.71792221069336,18.50818634033203,100,ok,task-grounded label contrast within closest state-distance neighborhood,assets/paper1_data/acpc_phase0_lewm_three_seed.json,assets/paper1_data/semantic_task_grounded_margin_lewm_full_sweep_20260708.json
Reacher,3072,0.08,0.08,9101,100,8,0.08880907729496679,0.6192830204963684,6.9731950759887695,1.0,0.2903764247894287,18.744281768798828,18.475008010864258,100,ok,task-grounded label contrast within closest state-distance neighborhood,assets/paper1_data/acpc_phase0_lewm_three_seed.json,assets/paper1_data/semantic_task_grounded_margin_lewm_full_sweep_20260708.json
Reacher,3073,0.0,0.08,9101,100,8,2.693261122041363,18.526308059692383,6.8787641525268555,0.699999988079071,16.021183013916016,18.88134002685547,2.8028578758239746,100,ok,task-grounded label contrast within closest state-distance neighborhood,assets/paper1_data/acpc_phase0_lewm_three_seed.json,assets/paper1_data/semantic_task_grounded_margin_lewm_full_sweep_20260708.json
Reacher,3073,0.01,0.08,9101,100,8,2.6027048506193275,17.911802291870117,6.88199520111084,0.8799999952316284,8.223918914794922,18.755352020263672,6.815531253814697,100,ok,task-grounded label contrast within closest state-distance neighborhood,assets/paper1_data/acpc_phase0_lewm_three_seed.json,assets/paper1_data/semantic_task_grounded_margin_lewm_full_sweep_20260708.json
Reacher,3073,0.02,0.08,9101,100,8,0.6588230618793407,4.592872142791748,6.9713287353515625,0.9799999594688416,1.5097793340682983,18.622905731201172,17.03325653076172,100,ok,task-grounded label contrast within closest state-distance neighborhood,assets/paper1_data/acpc_phase0_lewm_three_seed.json,assets/paper1_data/semantic_task_grounded_margin_lewm_full_sweep_20260708.json
Reacher,3073,0.03,0.08,9101,100,8,0.23340795508553996,1.6307950019836426,6.986886978149414,1.0,0.7971023917198181,18.518836975097656,17.597444534301758,100,ok,task-grounded label contrast within closest state-distance neighborhood,assets/paper1_data/acpc_phase0_lewm_three_seed.json,assets/paper1_data/semantic_task_grounded_margin_lewm_full_sweep_20260708.json
Reacher,3073,0.04,0.08,9101,100,8,0.15381685673917023,1.0735242366790771,6.979236602783203,0.9799999594688416,0.4821857213973999,18.373287200927734,18.041141510009766,100,ok,task-grounded label contrast within closest state-distance neighborhood,assets/paper1_data/acpc_phase0_lewm_three_seed.json,assets/paper1_data/semantic_task_grounded_margin_lewm_full_sweep_20260708.json
Reacher,3073,0.05,0.08,9101,100,8,0.11123624434477171,0.7743006944656372,6.960866928100586,0.9799999594688416,0.39582744240760803,18.72201919555664,18.27404022216797,100,ok,task-grounded label contrast within closest state-distance neighborhood,assets/paper1_data/acpc_phase0_lewm_three_seed.json,assets/paper1_data/semantic_task_grounded_margin_lewm_full_sweep_20260708.json
Reacher,3073,0.06,0.08,9101,100,8,0.09228874708655786,0.6527312397956848,7.072706699371338,0.9899999499320984,0.32003098726272583,18.747364044189453,18.40583038330078,100,ok,task-grounded label contrast within closest state-distance neighborhood,assets/paper1_data/acpc_phase0_lewm_three_seed.json,assets/paper1_data/semantic_task_grounded_margin_lewm_full_sweep_20260708.json
Reacher,3073,0.07,0.08,9101,100,8,0.08391022999214207,0.5827128291130066,6.944478988647461,0.9899999499320984,0.3182663321495056,18.59591293334961,18.18914031982422,100,ok,task-grounded label contrast within closest state-distance neighborhood,assets/paper1_data/acpc_phase0_lewm_three_seed.json,assets/paper1_data/semantic_task_grounded_margin_lewm_full_sweep_20260708.json
Reacher,3073,0.08,0.08,9101,100,8,0.07983325670074502,0.5674574375152588,7.108033180236816,0.9899999499320984,0.24963852763175964,18.781494140625,18.58181381225586,100,ok,task-grounded label contrast within closest state-distance neighborhood,assets/paper1_data/acpc_phase0_lewm_three_seed.json,assets/paper1_data/semantic_task_grounded_margin_lewm_full_sweep_20260708.json
Reacher,3074,0.0,0.08,9101,100,8,2.5791641540531067,17.943042755126953,6.956921577453613,0.7299999594688416,15.50346565246582,18.78811264038086,2.203559398651123,100,ok,task-grounded label contrast within closest state-distance neighborhood,assets/paper1_data/acpc_phase0_lewm_three_seed.json,assets/paper1_data/semantic_task_grounded_margin_lewm_full_sweep_20260708.json
Reacher,3074,0.01,0.08,9101,100,8,2.3961164203351046,16.64195442199707,6.9453864097595215,0.9199999570846558,5.222437858581543,18.535602569580078,10.098895072937012,100,ok,task-grounded label contrast within closest state-distance neighborhood,assets/paper1_data/acpc_phase0_lewm_three_seed.json,assets/paper1_data/semantic_task_grounded_margin_lewm_full_sweep_20260708.json
Reacher,3074,0.02,0.08,9101,100,8,2.0959519810047227,14.641153335571289,6.985443115234375,0.949999988079071,3.211557388305664,18.61239242553711,14.224571228027344,100,ok,task-grounded label contrast within closest state-distance neighborhood,assets/paper1_data/acpc_phase0_lewm_three_seed.json,assets/paper1_data/semantic_task_grounded_margin_lewm_full_sweep_20260708.json
Reacher,3074,0.03,0.08,9101,100,8,0.28342804287613466,1.9798216819763184,6.985270977020264,0.9799999594688416,0.8581265211105347,18.722869873046875,17.712059020996094,100,ok,task-grounded label contrast within closest state-distance neighborhood,assets/paper1_data/acpc_phase0_lewm_three_seed.json,assets/paper1_data/semantic_task_grounded_margin_lewm_full_sweep_20260708.json
Reacher,3074,0.04,0.08,9101,100,8,0.13970067865464328,0.9755398035049438,6.983071327209473,0.9899999499320984,0.3968650698661804,18.48821449279785,17.801149368286133,100,ok,task-grounded label contrast within closest state-distance neighborhood,assets/paper1_data/acpc_phase0_lewm_three_seed.json,assets/paper1_data/semantic_task_grounded_margin_lewm_full_sweep_20260708.json
Reacher,3074,0.05,0.08,9101,100,8,0.1074369736155499,0.7661603689193726,7.131254196166992,1.0,0.3362635672092438,18.681182861328125,18.35089874267578,100,ok,task-grounded label contrast within closest state-distance neighborhood,assets/paper1_data/acpc_phase0_lewm_three_seed.json,assets/paper1_data/semantic_task_grounded_margin_lewm_full_sweep_20260708.json
Reacher,3074,0.06,0.08,9101,100,8,0.10127330669045415,0.7214694023132324,7.123983860015869,0.9899999499320984,0.34951186180114746,18.63885498046875,18.23627281188965,100,ok,task-grounded label contrast within closest state-distance neighborhood,assets/paper1_data/acpc_phase0_lewm_three_seed.json,assets/paper1_data/semantic_task_grounded_margin_lewm_full_sweep_20260708.json
Reacher,3074,0.07,0.08,9101,100,8,0.08935972252532325,0.630268394947052,7.053159713745117,0.9899999499320984,0.29565078020095825,18.927478790283203,18.476932525634766,100,ok,task-grounded label contrast within closest state-distance neighborhood,assets/paper1_data/acpc_phase0_lewm_three_seed.json,assets/paper1_data/semantic_task_grounded_margin_lewm_full_sweep_20260708.json
Reacher,3074,0.08,0.08,9101,100,8,0.07801434049559372,0.5573290586471558,7.143930912017822,1.0,0.2837485074996948,18.933528900146484,18.448070526123047,100,ok,task-grounded label contrast within closest state-distance neighborhood,assets/paper1_data/acpc_phase0_lewm_three_seed.json,assets/paper1_data/semantic_task_grounded_margin_lewm_full_sweep_20260708.json
Cube,3072,0.0,0.08,9101,100,8,2.2742336070066784,21.663156509399414,9.52547550201416,0.4899999797344208,19.304704666137695,19.119104385375977,-0.11974334716796875,100,ok,task-grounded label contrast within closest state-distance neighborhood,assets/paper1_data/acpc_phase0_lewm_three_seed.json,assets/paper1_data/semantic_task_grounded_margin_lewm_full_sweep_20260708.json
Cube,3072,0.01,0.08,9101,100,8,2.0776750575894734,18.83902359008789,9.067358016967773,0.8100000023841858,14.114470481872559,19.263473510742188,4.398467540740967,100,ok,task-grounded label contrast within closest state-distance neighborhood,assets/paper1_data/acpc_phase0_lewm_three_seed.json,assets/paper1_data/semantic_task_grounded_margin_lewm_full_sweep_20260708.json
Cube,3072,0.02,0.08,9101,100,8,0.04780825968518538,0.5130972266197205,10.732397079467773,1.0,0.26467907428741455,19.74068260192871,19.35691261291504,100,ok,task-grounded label contrast within closest state-distance neighborhood,assets/paper1_data/acpc_phase0_lewm_three_seed.json,assets/paper1_data/semantic_task_grounded_margin_lewm_full_sweep_20260708.json
Cube,3072,0.03,0.08,9101,100,8,0.7240019399862586,6.891856670379639,9.519113540649414,0.9899999499320984,3.5857391357421875,19.294891357421875,15.25413703918457,100,ok,task-grounded label contrast within closest state-distance neighborhood,assets/paper1_data/acpc_phase0_lewm_three_seed.json,assets/paper1_data/semantic_task_grounded_margin_lewm_full_sweep_20260708.json
Cube,3072,0.04,0.08,9101,100,8,0.3680051470679651,3.3592426776885986,9.128249168395996,1.0,1.5105278491973877,19.179920196533203,17.45124626159668,100,ok,task-grounded label contrast within closest state-distance neighborhood,assets/paper1_data/acpc_phase0_lewm_three_seed.json,assets/paper1_data/semantic_task_grounded_margin_lewm_full_sweep_20260708.json
Cube,3072,0.05,0.08,9101,100,8,0.030684271457932382,0.3877565264701843,12.636980056762695,1.0,0.15207713842391968,19.20478057861328,19.03295135498047,100,ok,task-grounded label contrast within closest state-distance neighborhood,assets/paper1_data/acpc_phase0_lewm_three_seed.json,assets/paper1_data/semantic_task_grounded_margin_lewm_full_sweep_20260708.json
Cube,3072,0.06,0.08,9101,100,8,0.13599607434451766,1.3079760074615479,9.617748260498047,1.0,0.6446176767349243,19.127622604370117,18.39617156982422,100,ok,task-grounded label contrast within closest state-distance neighborhood,assets/paper1_data/acpc_phase0_lewm_three_seed.json,assets/paper1_data/semantic_task_grounded_margin_lewm_full_sweep_20260708.json
Cube,3072,0.07,0.08,9101,100,8,0.10016446149654128,0.9823007583618164,9.806879043579102,1.0,0.5082409977912903,19.21463394165039,18.668975830078125,100,ok,task-grounded label contrast within closest state-distance neighborhood,assets/paper1_data/acpc_phase0_lewm_three_seed.json,assets/paper1_data/semantic_task_grounded_margin_lewm_full_sweep_20260708.json
Cube,3072,0.08,0.08,9101,100,8,0.09119283847319774,0.889130175113678,9.75,1.0,0.46777892112731934,19.330080032348633,18.855880737304688,100,ok,task-grounded label contrast within closest state-distance neighborhood,assets/paper1_data/acpc_phase0_lewm_three_seed.json,assets/paper1_data/semantic_task_grounded_margin_lewm_full_sweep_20260708.json
Cube,3073,0.0,0.08,9101,100,8,2.3036574016869658,21.94066619873047,9.524274826049805,0.41999998688697815,19.532798767089844,18.91353988647461,-0.41057491302490234,100,ok,task-grounded label contrast within closest state-distance neighborhood,assets/paper1_data/acpc_phase0_lewm_three_seed.json,assets/paper1_data/semantic_task_grounded_margin_lewm_full_sweep_20260708.json
Cube,3073,0.01,0.08,9101,100,8,1.7766762916055157,16.13872528076172,9.083661079406738,0.9099999666213989,10.75545883178711,18.956043243408203,7.624826431274414,100,ok,task-grounded label contrast within closest state-distance neighborhood,assets/paper1_data/acpc_phase0_lewm_three_seed.json,assets/paper1_data/semantic_task_grounded_margin_lewm_full_sweep_20260708.json
Cube,3073,0.02,0.08,9101,100,8,1.0559506338552718,9.999229431152344,9.469409942626953,0.9799999594688416,6.422414779663086,19.198246002197266,12.239564895629883,100,ok,task-grounded label contrast within closest state-distance neighborhood,assets/paper1_data/acpc_phase0_lewm_three_seed.json,assets/paper1_data/semantic_task_grounded_margin_lewm_full_sweep_20260708.json
Cube,3073,0.03,0.08,9101,100,8,0.6640239554413109,6.460719108581543,9.729647636413574,0.9899999499320984,3.6454434394836426,19.230743408203125,15.142491340637207,100,ok,task-grounded label contrast within closest state-distance neighborhood,assets/paper1_data/acpc_phase0_lewm_three_seed.json,assets/paper1_data/semantic_task_grounded_margin_lewm_full_sweep_20260708.json
Cube,3073,0.04,0.08,9101,100,8,0.3884189434786768,3.6789331436157227,9.471559524536133,1.0,1.9114463329315186,19.030208587646484,17.044601440429688,100,ok,task-grounded label contrast within closest state-distance neighborhood,assets/paper1_data/acpc_phase0_lewm_three_seed.json,assets/paper1_data/semantic_task_grounded_margin_lewm_full_sweep_20260708.json
Cube,3073,0.05,0.08,9101,100,8,0.2046304788834513,1.9530102014541626,9.544082641601562,1.0,1.069823980331421,19.20700454711914,17.997264862060547,100,ok,task-grounded label contrast within closest state-distance neighborhood,assets/paper1_data/acpc_phase0_lewm_three_seed.json,assets/paper1_data/semantic_task_grounded_margin_lewm_full_sweep_20260708.json
Cube,3073,0.06,0.08,9101,100,8,0.13415380353433165,1.2868865728378296,9.592620849609375,1.0,0.5571248531341553,19.088253021240234,18.332454681396484,100,ok,task-grounded label contrast within closest state-distance neighborhood,assets/paper1_data/acpc_phase0_lewm_three_seed.json,assets/paper1_data/semantic_task_grounded_margin_lewm_full_sweep_20260708.json
Cube,3073,0.07,0.08,9101,100,8,0.12339337259711963,1.1739400625228882,9.513801574707031,1.0,0.5290162563323975,19.129762649536133,18.460758209228516,100,ok,task-grounded label contrast within closest state-distance neighborhood,assets/paper1_data/acpc_phase0_lewm_three_seed.json,assets/paper1_data/semantic_task_grounded_margin_lewm_full_sweep_20260708.json
Cube,3073,0.08,0.08,9101,100,8,0.10161935750323704,0.942011296749115,9.269998550415039,1.0,0.43552595376968384,19.18606948852539,18.66754722595215,100,ok,task-grounded label contrast within closest state-distance neighborhood,assets/paper1_data/acpc_phase0_lewm_three_seed.json,assets/paper1_data/semantic_task_grounded_margin_lewm_full_sweep_20260708.json
Cube,3074,0.0,0.08,9101,100,8,2.3820318136256216,21.607158660888672,9.070894241333008,0.44999998807907104,19.159801483154297,19.19805908203125,-0.26813793182373047,100,ok,task-grounded label contrast within closest state-distance neighborhood,assets/paper1_data/acpc_phase0_lewm_three_seed.json,assets/paper1_data/semantic_task_grounded_margin_lewm_full_sweep_20260708.json
Cube,3074,0.01,0.08,9101,100,8,1.987435815476264,18.60129165649414,9.359442710876465,0.8199999928474426,14.969030380249023,19.14296531677246,3.479539394378662,100,ok,task-grounded label contrast within closest state-distance neighborhood,assets/paper1_data/acpc_phase0_lewm_three_seed.json,assets/paper1_data/semantic_task_grounded_margin_lewm_full_sweep_20260708.json
Cube,3074,0.02,0.08,9101,100,8,1.528283791830296,14.5150785446167,9.49763298034668,0.949999988079071,9.873297691345215,19.418567657470703,8.672127723693848,100,ok,task-grounded label contrast within closest state-distance neighborhood,assets/paper1_data/acpc_phase0_lewm_three_seed.json,assets/paper1_data/semantic_task_grounded_margin_lewm_full_sweep_20260708.json
Cube,3074,0.03,0.08,9101,100,8,0.7462273498721302,7.353127956390381,9.853736877441406,0.9899999499320984,4.0869526863098145,19.26729965209961,14.930548667907715,100,ok,task-grounded label contrast within closest state-distance neighborhood,assets/paper1_data/acpc_phase0_lewm_three_seed.json,assets/paper1_data/semantic_task_grounded_margin_lewm_full_sweep_20260708.json
Cube,3074,0.04,0.08,9101,100,8,0.4423437108904243,3.930297374725342,8.88516616821289,1.0,2.4289886951446533,19.097593307495117,16.354267120361328,100,ok,task-grounded label contrast within closest state-distance neighborhood,assets/paper1_data/acpc_phase0_lewm_three_seed.json,assets/paper1_data/semantic_task_grounded_margin_lewm_full_sweep_20260708.json
Cube,3074,0.05,0.08,9101,100,8,0.1729362073456146,1.5994999408721924,9.249074935913086,1.0,0.8500505685806274,19.400360107421875,18.404645919799805,100,ok,task-grounded label contrast within closest state-distance neighborhood,assets/paper1_data/acpc_phase0_lewm_three_seed.json,assets/paper1_data/semantic_task_grounded_margin_lewm_full_sweep_20260708.json
Cube,3074,0.06,0.08,9101,100,8,0.13771769795984484,1.3135037422180176,9.537653923034668,1.0,0.6556985378265381,19.015087127685547,18.255714416503906,100,ok,task-grounded label contrast within closest state-distance neighborhood,assets/paper1_data/acpc_phase0_lewm_three_seed.json,assets/paper1_data/semantic_task_grounded_margin_lewm_full_sweep_20260708.json
Cube,3074,0.07,0.08,9101,100,8,0.11252082096609282,1.0730323791503906,9.536300659179688,1.0,0.5031808614730835,19.251047134399414,18.68000030517578,100,ok,task-grounded label contrast within closest state-distance neighborhood,assets/paper1_data/acpc_phase0_lewm_three_seed.json,assets/paper1_data/semantic_task_grounded_margin_lewm_full_sweep_20260708.json
Cube,3074,0.08,0.08,9101,100,8,0.107951619452755,0.9963685870170593,9.229769706726074,1.0,0.5603379011154175,19.20611572265625,18.54102325439453,100,ok,task-grounded label contrast within closest state-distance neighborhood,assets/paper1_data/acpc_phase0_lewm_three_seed.json,assets/paper1_data/semantic_task_grounded_margin_lewm_full_sweep_20260708.json
