task,train_seed,split,stdmax,eval_noise_sigma,closed_loop_score,base_closed_loop_score,best_closed_loop_score,normalized_recovery,regime,atr_q90,atr_rel,smpr
TwoRoom,3072,calibration,0.0,0.08,65.66666666666667,65.66666666666667,97.66666666666667,0.0,fragile,1.5144974763039856,1.0,0.31147539615631104
TwoRoom,3072,calibration,0.01,0.08,94.0,65.66666666666667,97.66666666666667,0.8854166666666665,robust,1.0454658513469122,0.6903054430293876,0.7540982961654663
TwoRoom,3072,calibration,0.02,0.08,94.33333333333333,65.66666666666667,97.66666666666667,0.895833333333333,robust,0.524863134862661,0.34655926673681164,0.9180327653884888
TwoRoom,3072,calibration,0.03,0.08,97.0,65.66666666666667,97.66666666666667,0.9791666666666665,robust,0.3828659421463786,0.2528006471696034,0.9508196115493774
TwoRoom,3072,calibration,0.04,0.08,96.66666666666667,65.66666666666667,97.66666666666667,0.96875,robust,0.22495174734177023,0.14853226952265886,0.9508196115493774
TwoRoom,3072,calibration,0.05,0.08,95.33333333333333,65.66666666666667,97.66666666666667,0.927083333333333,robust,0.15127483843110764,0.09988451007543588,0.9836065173149109
TwoRoom,3072,calibration,0.06,0.08,96.33333333333333,65.66666666666667,97.66666666666667,0.958333333333333,robust,0.1234770073397245,0.08153001855180414,0.9999999403953552
TwoRoom,3072,calibration,0.07,0.08,96.66666666666667,65.66666666666667,97.66666666666667,0.96875,robust,0.10804642401409735,0.07134143549567103,0.9836065173149109
TwoRoom,3072,calibration,0.08,0.08,97.66666666666667,65.66666666666667,97.66666666666667,1.0,robust,0.09345786316418216,0.06170882726873793,0.9999999403953552
TwoRoom,3073,heldout,0.0,0.08,71.666667,71.666667,97.333333,0.0,fragile,1.5172889279112693,1.0,0.2950819432735443
TwoRoom,3073,heldout,0.01,0.08,95.666667,71.666667,97.333333,0.9350649593523369,robust,1.2074334060413774,0.7957834423161281,0.6393442153930664
TwoRoom,3073,heldout,0.02,0.08,94.333333,71.666667,97.333333,0.8831168800809579,robust,0.41332575614051703,0.2724107113267541,0.9344261884689331
TwoRoom,3073,heldout,0.03,0.08,94.333333,71.666667,97.333333,0.8831168800809579,robust,0.31787704876756295,0.20950330745849371,0.9672130346298218
TwoRoom,3073,heldout,0.04,0.08,95.333333,71.666667,97.333333,0.9220779200539719,robust,0.18739531436214732,0.12350667754500753,0.9999999403953552
TwoRoom,3073,heldout,0.05,0.08,94.333333,71.666667,97.333333,0.8831168800809579,robust,0.14856732013351304,0.09791630150365219,0.9999999403953552
TwoRoom,3073,heldout,0.06,0.08,97.333333,71.666667,97.333333,1.0,robust,0.14182382008298536,0.09347186120854575,0.9999999403953552
TwoRoom,3073,heldout,0.07,0.08,96.666667,71.666667,97.333333,0.9740259993253509,robust,0.12172704920747152,0.08022667731125109,0.9999999403953552
TwoRoom,3073,heldout,0.08,0.08,97.333333,71.666667,97.333333,1.0,robust,0.1321221251210847,0.08707776264008378,0.9836065173149109
TwoRoom,3074,heldout,0.0,0.08,69.0,69.0,98.0,0.0,fragile,1.4947153046014692,1.0,0.4098360538482666
TwoRoom,3074,heldout,0.01,0.08,90.666667,69.0,98.0,0.7471264482758622,transition,1.1131421031913513,0.7447184756619218,0.7704917788505554
TwoRoom,3074,heldout,0.02,0.08,97.666667,69.0,98.0,0.9885057586206898,robust,0.527574942818781,0.35296015314397716,0.8852458596229553
TwoRoom,3074,heldout,0.03,0.08,94.0,69.0,98.0,0.8620689655172413,robust,0.31023774003220617,0.2075564082853382,0.9344261884689331
TwoRoom,3074,heldout,0.04,0.08,95.666667,69.0,98.0,0.9195402413793105,robust,0.20471947941948562,0.13696218857815823,0.9999999403953552
TwoRoom,3074,heldout,0.05,0.08,98.0,69.0,98.0,1.0,robust,0.18338815425774974,0.122691025972097,0.9999999403953552
TwoRoom,3074,heldout,0.06,0.08,93.666667,69.0,98.0,0.8505747241379311,robust,0.10773770150558551,0.07207907831940695,0.9836065173149109
TwoRoom,3074,heldout,0.07,0.08,96.0,69.0,98.0,0.9310344827586207,robust,0.1168179124558464,0.07815395486767505,0.9836065173149109
TwoRoom,3074,heldout,0.08,0.08,96.333333,69.0,98.0,0.9425287241379309,robust,0.1080286071798046,0.07227370111702168,0.9836065173149109
PushT,3072,calibration,0.0,0.08,4.333333333333333,4.333333333333333,89.0,0.0,fragile,3.4252009231417477,1.0,0.4285714328289032
PushT,3072,calibration,0.01,0.08,51.666666666666664,4.333333333333333,89.0,0.5590551181102361,transition,2.0975276746126346,0.6123809147781871,0.9285714030265808
PushT,3072,calibration,0.02,0.08,73.66666666666667,4.333333333333333,89.0,0.8188976377952757,robust,1.078168166445085,0.31477515936675066,0.9693877100944519
PushT,3072,calibration,0.03,0.08,82.0,4.333333333333333,89.0,0.9173228346456693,robust,0.6133715048678218,0.17907606550135166,1.0
PushT,3072,calibration,0.04,0.08,86.66666666666667,4.333333333333333,89.0,0.9724409448818898,robust,0.50333236612653,0.14694973445962142,0.9897959232330322
PushT,3072,calibration,0.05,0.08,78.33333333333333,4.333333333333333,89.0,0.8740157480314961,robust,0.5036910676900177,0.14705445869961103,1.0
PushT,3072,calibration,0.06,0.08,87.66666666666667,4.333333333333333,89.0,0.984251968503937,robust,0.4832480827393781,0.1410860540981407,1.0
PushT,3072,calibration,0.07,0.08,84.0,4.333333333333333,89.0,0.9409448818897638,robust,0.33615049769286,0.09814037343669979,1.0
PushT,3072,calibration,0.08,0.08,89.0,4.333333333333333,89.0,1.0,robust,0.22418129709450388,0.06545055374120207,1.0
PushT,3073,heldout,0.0,0.08,2.0,2.0,86.666667,0.0,fragile,3.9464090489730728,1.0,0.23469386994838715
PushT,3073,heldout,0.01,0.08,21.666667,2.0,86.666667,0.23228346758943516,transition,3.3327761202221877,0.8445085339264151,0.714285671710968
PushT,3073,heldout,0.02,0.08,46.0,2.0,86.666667,0.5196850373240747,transition,2.5243999152143277,0.6396701112043168,0.9081632494926453
PushT,3073,heldout,0.03,0.08,80.666667,2.0,86.666667,0.9291338585467172,robust,0.7399988157138043,0.1875119397231175,0.9897959232330322
PushT,3073,heldout,0.04,0.08,86.666667,2.0,86.666667,1.0,robust,0.4237914113405229,0.10738659020934516,1.0
PushT,3073,heldout,0.05,0.08,85.333333,2.0,86.666667,0.9842519606919213,robust,0.40131830289896114,0.10169201872355109,1.0
PushT,3073,heldout,0.06,0.08,86.333333,2.0,86.666667,0.9960629842674684,robust,0.3270716653991855,0.08287829805283248,1.0
PushT,3073,heldout,0.07,0.08,84.333333,2.0,86.666667,0.9724409371163741,robust,0.27490800050609143,0.06966029042975853,1.0
PushT,3073,heldout,0.08,0.08,81.0,2.0,86.666667,0.9330708624682249,robust,0.2663277454467475,0.06748609739683492,1.0
PushT,3074,heldout,0.0,0.08,15.333333,15.333333,87.333333,0.0,fragile,3.368840925923857,1.0,0.6530612111091614
PushT,3074,heldout,0.01,0.08,40.333333,15.333333,87.333333,0.34722222222222227,transition,2.4359892308956077,0.7230941693180636,0.8469387292861938
PushT,3074,heldout,0.02,0.08,68.333333,15.333333,87.333333,0.7361111111111112,transition,1.1164728551486196,0.33141156845879943,0.9897959232330322
PushT,3074,heldout,0.03,0.08,84.666667,15.333333,87.333333,0.9629629722222224,robust,0.6350778064999901,0.18851522540377266,1.0
PushT,3074,heldout,0.04,0.08,86.333333,15.333333,87.333333,0.9861111111111112,robust,0.44894904308193334,0.13326513568129233,1.0
PushT,3074,heldout,0.05,0.08,79.666667,15.333333,87.333333,0.8935185277777778,robust,0.5117253256273983,0.15189952178791724,1.0
PushT,3074,heldout,0.06,0.08,86.333333,15.333333,87.333333,0.9861111111111112,robust,0.2956034247775745,0.08774632916112221,1.0
PushT,3074,heldout,0.07,0.08,83.666667,15.333333,87.333333,0.9490740833333334,robust,0.2982819872304896,0.08854142828031869,1.0
PushT,3074,heldout,0.08,0.08,87.333333,15.333333,87.333333,1.0,robust,0.24924560008746618,0.0739855652338687,1.0
Reacher,3072,calibration,0.0,0.08,18.333333333333332,18.333333333333332,84.66666666666667,0.0,fragile,2.612153470267934,1.0,0.7699999809265137
Reacher,3072,calibration,0.01,0.08,45.666666666666664,18.333333333333332,84.66666666666667,0.4120603015075376,transition,2.633614549569611,1.008215856972399,0.8999999761581421
Reacher,3072,calibration,0.02,0.08,83.66666666666667,18.333333333333332,84.66666666666667,0.9849246231155779,robust,0.06478999624693388,0.024803288545021143,1.0
Reacher,3072,calibration,0.03,0.08,78.66666666666667,18.333333333333332,84.66666666666667,0.9095477386934674,robust,0.19834278867908908,0.07593075634210139,1.0
Reacher,3072,calibration,0.04,0.08,82.0,18.333333333333332,84.66666666666667,0.9597989949748743,robust,0.15205680051564777,0.05821128132262879,1.0
Reacher,3072,calibration,0.05,0.08,70.0,18.333333333333332,84.66666666666667,0.778894472361809,transition,0.045968284705797675,0.017597849907755463,1.0
Reacher,3072,calibration,0.06,0.08,81.33333333333333,18.333333333333332,84.66666666666667,0.9497487437185929,robust,0.09333476847477239,0.035730966628541486,1.0
Reacher,3072,calibration,0.07,0.08,84.66666666666667,18.333333333333332,84.66666666666667,1.0,robust,0.08639070683487915,0.03307259999008323,1.0
Reacher,3072,calibration,0.08,0.08,82.0,18.333333333333332,84.66666666666667,0.9597989949748743,robust,0.08880907729496679,0.03399841483504316,1.0
Reacher,3073,heldout,0.0,0.08,17.666667,17.666667,83.333333,0.0,fragile,2.693261122041363,1.0,0.699999988079071
Reacher,3073,heldout,0.01,0.08,47.0,17.666667,83.333333,0.44670050707310166,transition,2.6027048506193275,0.9663767205188786,0.8799999952316284
Reacher,3073,heldout,0.02,0.08,62.666667,17.666667,83.333333,0.6852791947744081,transition,0.6588230618793407,0.24461908148734735,0.9799999594688416
Reacher,3073,heldout,0.03,0.08,71.0,17.666667,83.333333,0.8121827442861193,robust,0.23340795508553996,0.08666369301340819,1.0
Reacher,3073,heldout,0.04,0.08,79.666667,17.666667,83.333333,0.944162446133629,robust,0.15381685673917023,0.0571117503165027,0.9799999594688416
Reacher,3073,heldout,0.05,0.08,80.0,17.666667,83.333333,0.9492385832410009,robust,0.11123624434477171,0.04130169311635849,0.9799999594688416
Reacher,3073,heldout,0.06,0.08,81.666667,17.666667,83.333333,0.9746192992347138,robust,0.09228874708655786,0.034266542642774796,0.9899999499320984
Reacher,3073,heldout,0.07,0.08,83.333333,17.666667,83.333333,1.0,robust,0.08391022999214207,0.031155623680685716,0.9899999499320984
Reacher,3073,heldout,0.08,0.08,82.333333,17.666667,83.333333,0.9847715734494576,robust,0.07983325670074502,0.029641855387655555,0.9899999499320984
Reacher,3074,heldout,0.0,0.08,18.666667,18.666667,83.333333,0.0,fragile,2.5791641540531067,1.0,0.7299999594688416
Reacher,3074,heldout,0.01,0.08,41.0,18.666667,83.333333,0.3453608231480498,transition,2.3961164203351046,0.9290282731983747,0.9199999570846558
Reacher,3074,heldout,0.02,0.08,64.666667,18.666667,83.333333,0.7113402135189714,transition,2.0959519810047227,0.812647763311604,0.949999988079071
Reacher,3074,heldout,0.03,0.08,80.666667,18.666667,83.333333,0.9587628964820918,robust,0.28342804287613466,0.10989143224200482,0.9799999594688416
Reacher,3074,heldout,0.04,0.08,80.0,18.666667,83.333333,0.9484536128706559,robust,0.13970067865464328,0.054165097803141514,0.9899999499320984
Reacher,3074,heldout,0.05,0.08,83.333333,18.666667,83.333333,1.0,robust,0.1074369736155499,0.04165573309737372,1.0
Reacher,3074,heldout,0.06,0.08,79.0,18.666667,83.333333,0.9329896951854608,robust,0.10127330669045415,0.0392659406852042,0.9899999499320984
Reacher,3074,heldout,0.07,0.08,82.0,18.666667,83.333333,0.9793814482410459,robust,0.08935972252532325,0.03464677592734691,0.9899999499320984
Reacher,3074,heldout,0.08,0.08,80.333333,18.666667,83.333333,0.9536082469444149,robust,0.07801434049559372,0.030247915927722434,1.0
Cube,3072,calibration,0.0,0.08,47.0,47.0,68.33333333333333,0.0,fragile,2.2742336070066784,1.0,0.4899999797344208
Cube,3072,calibration,0.01,0.08,49.0,47.0,68.33333333333333,0.09375000000000003,fragile,2.0776750575894734,0.9135715219352891,0.8100000023841858
Cube,3072,calibration,0.02,0.08,58.666666666666664,47.0,68.33333333333333,0.546875,transition,0.04780825968518538,0.021021701349365818,1.0
Cube,3072,calibration,0.03,0.08,68.33333333333333,47.0,68.33333333333333,1.0,robust,0.7240019399862586,0.3183498554219248,0.9899999499320984
Cube,3072,calibration,0.04,0.08,65.0,47.0,68.33333333333333,0.8437500000000002,robust,0.3680051470679651,0.16181501580760188,1.0
Cube,3072,calibration,0.05,0.08,60.0,47.0,68.33333333333333,0.6093750000000001,transition,0.030684271457932382,0.013492137027347285,1.0
Cube,3072,calibration,0.06,0.08,66.66666666666667,47.0,68.33333333333333,0.9218750000000004,robust,0.13599607434451766,0.05979863894611698,1.0
Cube,3072,calibration,0.07,0.08,67.33333333333333,47.0,68.33333333333333,0.953125,robust,0.10016446149654128,0.044043171813108795,1.0
Cube,3072,calibration,0.08,0.08,62.0,47.0,68.33333333333333,0.7031250000000001,transition,0.09119283847319774,0.040098272311270944,1.0
Cube,3073,heldout,0.0,0.08,39.0,39.0,65.666667,0.0,fragile,2.3036574016869658,1.0,0.41999998688697815
Cube,3073,heldout,0.01,0.08,48.333333,39.0,65.666667,0.3499999831250003,transition,1.7766762916055157,0.7712415441221675,0.9099999666213989
Cube,3073,heldout,0.02,0.08,59.0,39.0,65.666667,0.749999990625,transition,1.0559506338552718,0.45838006688060484,0.9799999594688416
Cube,3073,heldout,0.03,0.08,64.333333,39.0,65.666667,0.949999975625,robust,0.6640239554413109,0.2882477033933287,0.9899999499320984
Cube,3073,heldout,0.04,0.08,64.333333,39.0,65.666667,0.949999975625,robust,0.3884189434786768,0.16860968266993087,1.0
Cube,3073,heldout,0.05,0.08,65.666667,39.0,65.666667,1.0,robust,0.2046304788834513,0.08882852056629628,1.0
Cube,3073,heldout,0.06,0.08,65.666667,39.0,65.666667,1.0,robust,0.13415380353433165,0.05823513662929695,1.0
Cube,3073,heldout,0.07,0.08,64.666667,39.0,65.666667,0.96250000046875,robust,0.12339337259711963,0.053564116134091296,1.0
Cube,3073,heldout,0.08,0.08,64.666667,39.0,65.666667,0.96250000046875,robust,0.10161935750323704,0.044112183273789456,1.0
Cube,3074,heldout,0.0,0.08,43.333333,43.333333,65.333333,0.0,fragile,2.3820318136256216,1.0,0.44999998807907104
Cube,3074,heldout,0.01,0.08,49.0,43.333333,65.333333,0.25757577272727267,transition,1.987435815476264,0.8343447825120545,0.8199999928474426
Cube,3074,heldout,0.02,0.08,52.333333,43.333333,65.333333,0.4090909090909092,transition,1.528283791830296,0.6415883209822205,0.949999988079071
Cube,3074,heldout,0.03,0.08,65.333333,43.333333,65.333333,1.0,robust,0.7462273498721302,0.31327346075043355,0.9899999499320984
Cube,3074,heldout,0.04,0.08,63.0,43.333333,65.333333,0.8939394090909092,robust,0.4423437108904243,0.1857001692253412,1.0
Cube,3074,heldout,0.05,0.08,65.0,43.333333,65.333333,0.9848485000000001,robust,0.1729362073456146,0.07260029289129998,1.0
Cube,3074,heldout,0.06,0.08,62.333333,43.333333,65.333333,0.8636363636363639,robust,0.13771769795984484,0.05781522193451679,1.0
Cube,3074,heldout,0.07,0.08,63.666667,43.333333,65.333333,0.9242424545454545,robust,0.11252082096609282,0.04723732920881025,1.0
Cube,3074,heldout,0.08,0.08,61.0,43.333333,65.333333,0.8030303181818182,robust,0.107951619452755,0.045319134209397885,1.0
