task,training_seed,rho,clean_eval_score,obs_sigma_003_score,obs_sigma_005_score,obs_sigma_008_score,base_clean_score,base_obs_sigma_008_score,max_obs_sigma_008_score,recovery_score_threshold,clean_constraint_pass,recovery_label,normalized_recovery,atr_q80,atr_q90,atr_q95,atr_normalized_q90,same_radius_q90,clean_transition_l2_median,smpr_delta0,smpr_delta005,smpr_delta010,semantic_margin_median,semantic_pair_count,cost_drift_q50,cost_drift_q90,cost_drift_q95,clean_margin_q10,clean_margin_q50,clean_margin_q90,proxy_gap_q50q90,proxy_gap_q50q95,proxy_gap_scaled,top1_agree,cert_pass_rate,candidate_count,data_notes
TwoRoom,3072,0.00,94.0,91.0,72.33333333333333,65.66666666666667,94.0,65.66666666666667,97.66666666666667,91.26666666666668,true,false,0.0,,1.5144974763039856,,1.0,21.572093963623047,14.243730545043945,0.31147539615631104,,,-2.7326622009277344,61.0,42.016937255859375,184.32960510253906,,,89.80335998535156,297.7183837890625,-278.85585021972656,,-0.6082412575227215,0.1899999976158142,,65.0,"q80/q95 ATR, q95 drift, q10 margin, and pool cert-pass require raw tails; retained summaries only"
TwoRoom,3072,0.01,93.66666666666667,94.0,92.66666666666667,94.0,94.0,65.66666666666667,97.66666666666667,91.26666666666668,true,true,0.8854166666666665,,1.0454658513469122,,0.6903054430293876,15.2243013381958,14.562217712402344,0.7540982961654663,,,6.34306526184082,61.0,10.954879760742188,64.4239501953125,,,105.56773376464844,305.2370910644531,-23.280166625976562,,-0.09931149306601293,0.5600000023841858,,65.0,"q80/q95 ATR, q95 drift, q10 margin, and pool cert-pass require raw tails; retained summaries only"
TwoRoom,3072,0.02,95.0,94.66666666666667,94.66666666666667,94.33333333333333,94.0,65.66666666666667,97.66666666666667,91.26666666666668,true,true,0.895833333333333,,0.524863134862661,,0.34655926673681164,7.584930419921875,14.451253890991211,0.9180327653884888,,,12.309497833251953,61.0,4.74603271484375,31.17001724243164,,,97.62648010253906,290.2239685058594,35.28644561767578,,0.22058645028735555,0.7699999958276749,,65.0,"q80/q95 ATR, q95 drift, q10 margin, and pool cert-pass require raw tails; retained summaries only"
TwoRoom,3072,0.03,96.33333333333333,96.0,96.33333333333333,97.0,94.0,65.66666666666667,97.66666666666667,91.26666666666668,true,true,0.9791666666666665,,0.3828659421463786,,0.2528006471696034,5.352897644042969,13.981127738952637,0.9508196115493774,,,12.671735763549805,61.0,3.2113189697265625,22.8834285736084,,,82.34349822998047,290.634765625,36.57664108276367,,0.28550885660312336,0.8299999982118607,,65.0,"q80/q95 ATR, q95 drift, q10 margin, and pool cert-pass require raw tails; retained summaries only"
TwoRoom,3072,0.04,96.33333333333333,97.66666666666667,96.0,96.66666666666667,94.0,65.66666666666667,97.66666666666667,91.26666666666668,true,true,0.96875,,0.22495174734177023,,0.14853226952265886,3.1249732971191406,13.891749382019043,0.9508196115493774,,,12.125232696533203,61.0,1.734466552734375,10.544668197631836,,,75.58724212646484,297.5698547363281,54.49790573120117,,0.5637136374137605,0.9200000017881393,,65.0,"q80/q95 ATR, q95 drift, q10 margin, and pool cert-pass require raw tails; retained summaries only"
TwoRoom,3072,0.05,96.0,96.0,95.66666666666667,95.33333333333333,94.0,65.66666666666667,97.66666666666667,91.26666666666668,true,true,0.927083333333333,,0.15127483843110764,,0.09988451007543588,2.1343517303466797,14.109099388122559,0.9836065173149109,,,14.733627319335938,61.0,1.3109130859375,8.273514747619629,,,87.29236602783203,274.67523193359375,70.74533653259277,,0.681295727659294,0.9499999992549419,,65.0,"q80/q95 ATR, q95 drift, q10 margin, and pool cert-pass require raw tails; retained summaries only"
TwoRoom,3072,0.06,96.66666666666667,96.66666666666667,96.0,96.33333333333333,94.0,65.66666666666667,97.66666666666667,91.26666666666668,true,true,0.958333333333333,,0.1234770073397245,,0.08153001855180414,1.6965805292129517,13.740052223205566,0.9999999403953552,,,14.44884204864502,61.0,1.1306304931640625,7.3716864585876465,,,74.91059875488281,295.8648376464844,60.16722583770752,,0.6711049685315703,0.9499999992549419,,65.0,"q80/q95 ATR, q95 drift, q10 margin, and pool cert-pass require raw tails; retained summaries only"
TwoRoom,3072,0.07,96.0,96.33333333333333,96.0,96.66666666666667,94.0,65.66666666666667,97.66666666666667,91.26666666666668,true,true,0.96875,,0.10804642401409735,,0.07134143549567103,1.483778953552246,13.73279094696045,0.9836065173149109,,,14.786296844482422,61.0,0.968231201171875,6.128489971160889,,,68.07719421386719,292.27227783203125,55.82021427154541,,0.6948501662943194,0.9499999992549419,,65.0,"q80/q95 ATR, q95 drift, q10 margin, and pool cert-pass require raw tails; retained summaries only"
TwoRoom,3072,0.08,98.33333333333333,98.0,98.33333333333333,97.66666666666667,94.0,65.66666666666667,97.66666666666667,91.26666666666668,true,true,1.0,,0.09345786316418216,,0.06170882726873793,1.214482069015503,12.994969367980957,0.9999999403953552,,,14.791108131408691,61.0,0.975677490234375,5.593635559082031,,,66.26133728027344,282.4266052246094,55.074066162109375,,0.7111046576689656,0.9600000008940697,,65.0,"q80/q95 ATR, q95 drift, q10 margin, and pool cert-pass require raw tails; retained summaries only"
TwoRoom,3073,0.00,94.333333,92.666667,88.666667,71.666667,94.333333,71.666667,97.333333,92.1999998,true,false,0.0,,1.5172889279112693,,1.0,21.68018341064453,14.288763999938965,0.2950819432735443,,,-2.367532730102539,61.0,46.60411071777344,188.55130004882812,,,98.96405792236328,294.69500732421875,-278.13854217529297,,-0.5842428523183745,0.17000001668930054,,65.0,"q80/q95 ATR, q95 drift, q10 margin, and pool cert-pass require raw tails; retained summaries only"
TwoRoom,3073,0.01,96.333333,96.0,97.0,95.666667,94.333333,71.666667,97.333333,92.1999998,true,true,0.9350649593523369,,1.2074334060413774,,0.7957834423161281,17.421016693115234,14.428138732910156,0.6393442153930664,,,4.312619209289551,61.0,12.11651611328125,100.45912170410156,,,101.13883209228516,304.9523620605469,-99.77941131591797,,-0.3303329715107314,0.44999998807907104,,65.0,"q80/q95 ATR, q95 drift, q10 margin, and pool cert-pass require raw tails; retained summaries only"
TwoRoom,3073,0.02,95.0,95.333333,94.0,94.333333,94.333333,71.666667,97.333333,92.1999998,true,true,0.8831168800809579,,0.41332575614051703,,0.2724107113267541,5.990120887756348,14.492493629455566,0.9344261884689331,,,11.773941040039062,61.0,4.14898681640625,28.847158432006836,,,100.20873260498047,309.8153076171875,42.5144157409668,,0.2692437915793049,0.7800000011920929,,65.0,"q80/q95 ATR, q95 drift, q10 margin, and pool cert-pass require raw tails; retained summaries only"
TwoRoom,3073,0.03,94.333333,95.0,95.0,94.333333,94.333333,71.666667,97.333333,92.1999998,true,true,0.8831168800809579,,0.31787704876756295,,0.20950330745849371,4.545101642608643,14.298300743103027,0.9672130346298218,,,13.16728401184082,61.0,2.7549285888671875,18.33183479309082,,,96.96142578125,312.32952880859375,60.29775619506836,,0.4512457486317667,0.8599999994039536,,65.0,"q80/q95 ATR, q95 drift, q10 margin, and pool cert-pass require raw tails; retained summaries only"
TwoRoom,3073,0.04,95.333333,95.333333,95.333333,95.333333,94.333333,71.666667,97.333333,92.1999998,true,true,0.9220779200539719,,0.18739531436214732,,0.12350667754500753,2.6230361461639404,13.99734115600586,0.9999999403953552,,,13.75597095489502,61.0,1.7372589111328125,10.503219604492188,,,84.10855102539062,308.6691589355469,63.10211181640625,,0.6003150613980633,0.8700000047683716,,65.0,"q80/q95 ATR, q95 drift, q10 margin, and pool cert-pass require raw tails; retained summaries only"
TwoRoom,3073,0.05,94.333333,93.666667,94.333333,94.333333,94.333333,71.666667,97.333333,92.1999998,true,true,0.8831168800809579,,0.14856732013351304,,0.09791630150365219,2.105093240737915,14.169288635253906,0.9999999403953552,,,14.492164611816406,61.0,1.546905517578125,9.484333992004395,,,80.25460815429688,283.7869567871094,61.285940170288086,,0.6176568901520851,0.9299999997019768,,65.0,"q80/q95 ATR, q95 drift, q10 margin, and pool cert-pass require raw tails; retained summaries only"
TwoRoom,3073,0.06,97.666667,97.0,97.0,97.333333,94.333333,71.666667,97.333333,92.1999998,true,true,1.0,,0.14182382008298536,,0.09347186120854575,1.8944076299667358,13.357471466064453,0.9999999403953552,,,14.450777053833008,61.0,1.197967529296875,7.811504364013672,,,76.40376281738281,295.2120666503906,60.78075408935547,,0.6604681775602966,0.9400000013411045,,65.0,"q80/q95 ATR, q95 drift, q10 margin, and pool cert-pass require raw tails; retained summaries only"
TwoRoom,3073,0.07,97.333333,97.0,97.0,96.666667,94.333333,71.666667,97.333333,92.1999998,true,true,0.9740259993253509,,0.12172704920747152,,0.08022667731125109,1.6160694360733032,13.27617359161377,0.9999999403953552,,,14.427406311035156,61.0,1.1815185546875,6.7703070640563965,,,66.56333923339844,274.3887939453125,53.022725105285645,,0.6619239485720767,0.9299999997019768,,65.0,"q80/q95 ATR, q95 drift, q10 margin, and pool cert-pass require raw tails; retained summaries only"
TwoRoom,3073,0.08,97.0,97.333333,97.0,97.333333,94.333333,71.666667,97.333333,92.1999998,true,true,1.0,,0.1321221251210847,,0.08707776264008378,1.7037322521209717,12.895132064819336,0.9836065173149109,,,16.02686882019043,61.0,1.11785888671875,6.663508892059326,,,68.29881286621094,274.64263916015625,54.971795082092285,,0.6734607739256084,0.9499999992549419,,65.0,"q80/q95 ATR, q95 drift, q10 margin, and pool cert-pass require raw tails; retained summaries only"
TwoRoom,3074,0.00,95.666667,94.0,83.0,69.0,95.666667,69.0,98.0,92.2,true,false,0.0,,1.4947153046014692,,1.0,21.129215240478516,14.135946273803711,0.4098360538482666,,,-1.390131950378418,61.0,36.05638122558594,168.10595703125,,,93.65487670898438,295.22296142578125,-242.55703735351562,,-0.5642609351566715,0.25999999046325684,,65.0,"q80/q95 ATR, q95 drift, q10 margin, and pool cert-pass require raw tails; retained summaries only"
TwoRoom,3074,0.01,94.666667,95.0,94.666667,90.666667,95.666667,69.0,98.0,92.2,true,false,0.7471264482758622,,1.1131421031913513,,0.7447184756619218,15.768158912658691,14.165450096130371,0.7704917788505554,,,6.06801700592041,61.0,12.944076538085938,91.3774642944336,,,94.97401428222656,293.7232971191406,-87.78091430664062,,-0.31606685784773714,0.5200000107288361,,65.0,"q80/q95 ATR, q95 drift, q10 margin, and pool cert-pass require raw tails; retained summaries only"
TwoRoom,3074,0.02,97.333333,97.666667,97.0,97.666667,95.666667,69.0,98.0,92.2,true,true,0.9885057586206898,,0.527574942818781,,0.35296015314397716,7.4571099281311035,14.134693145751953,0.8852458596229553,,,11.24194622039795,61.0,5.336151123046875,36.14827346801758,,,99.27850341796875,301.78082275390625,26.981956481933594,,0.15726037338332496,0.7400000095367432,,65.0,"q80/q95 ATR, q95 drift, q10 margin, and pool cert-pass require raw tails; retained summaries only"
TwoRoom,3074,0.03,94.666667,94.0,94.333333,94.0,95.666667,69.0,98.0,92.2,true,true,0.8620689655172413,,0.31023774003220617,,0.2075564082853382,4.396345138549805,14.170890808105469,0.9344261884689331,,,12.8611478805542,61.0,2.4445648193359375,15.180124282836914,,,100.48503875732422,299.2394714355469,70.12479019165039,,0.5359366900127122,0.8599999994039536,,65.0,"q80/q95 ATR, q95 drift, q10 margin, and pool cert-pass require raw tails; retained summaries only"
TwoRoom,3074,0.04,96.0,96.333333,96.0,95.666667,95.666667,69.0,98.0,92.2,true,true,0.9195402413793105,,0.20471947941948562,,0.13696218857815823,2.8430323600769043,13.88745403289795,0.9999999403953552,,,13.959830284118652,61.0,1.67193603515625,12.446866035461426,,,88.14802551269531,282.1373291015625,63.25429344177246,,0.5595657285758499,0.9299999997019768,,65.0,"q80/q95 ATR, q95 drift, q10 margin, and pool cert-pass require raw tails; retained summaries only"
TwoRoom,3074,0.05,98.0,98.333333,98.0,98.0,95.666667,69.0,98.0,92.2,true,true,1.0,,0.18338815425774974,,0.122691025972097,2.451815128326416,13.369539260864258,0.9999999403953552,,,14.51102066040039,61.0,1.5979766845703125,9.298524856567383,,,89.34721374511719,279.8711242675781,70.75016403198242,,0.6554323663465895,0.9400000013411045,,65.0,"q80/q95 ATR, q95 drift, q10 margin, and pool cert-pass require raw tails; retained summaries only"
TwoRoom,3074,0.06,93.666667,93.0,93.666667,93.666667,95.666667,69.0,98.0,92.2,true,true,0.8505747241379311,,0.10773770150558551,,0.07207907831940695,1.5415016412734985,14.307912826538086,0.9836065173149109,,,14.861209869384766,61.0,1.28045654296875,8.198493957519531,,,91.50627136230469,282.76123046875,75.10928344726562,,0.6960798399445149,0.9499999992549419,,65.0,"q80/q95 ATR, q95 drift, q10 margin, and pool cert-pass require raw tails; retained summaries only"
TwoRoom,3074,0.07,96.0,95.666667,95.333333,96.0,95.666667,69.0,98.0,92.2,true,true,0.9310344827586207,,0.1168179124558464,,0.07815395486767505,1.568643569946289,13.428108215332031,0.9836065173149109,,,14.27995777130127,61.0,0.994598388671875,6.203704833984375,,,76.06448364257812,272.9898376464844,63.657073974609375,,0.7195174828141718,0.9299999997019768,,65.0,"q80/q95 ATR, q95 drift, q10 margin, and pool cert-pass require raw tails; retained summaries only"
TwoRoom,3074,0.08,96.333333,96.333333,96.666667,96.333333,95.666667,69.0,98.0,92.2,true,true,0.9425287241379309,,0.1080286071798046,,0.07227370111702168,1.4567373991012573,13.484737396240234,0.9836065173149109,,,14.987125396728516,61.0,0.8929300308227539,5.749255180358887,,,61.82807159423828,265.3299560546875,50.32956123352051,,0.6863753892747501,0.9700000006705523,,65.0,"q80/q95 ATR, q95 drift, q10 margin, and pool cert-pass require raw tails; retained summaries only"
PushT,3072,0.00,86.33333333333333,59.333333333333336,17.0,4.333333333333333,86.33333333333333,4.333333333333333,89.0,72.06666666666666,true,false,0.0,,3.4252009231417477,,1.0,20.373199462890625,5.948030471801758,0.4285714328289032,,,-0.8763599395751953,98.0,56.64509582519531,153.6573028564453,,,133.72613525390625,260.9478454589844,-173.58847045898438,,-0.3935882886430493,0.019999980926513672,,65.0,"q80/q95 ATR, q95 drift, q10 margin, and pool cert-pass require raw tails; retained summaries only"
PushT,3072,0.01,88.0,85.0,77.33333333333333,51.666666666666664,86.33333333333333,4.333333333333333,89.0,72.06666666666666,true,false,0.5590551181102361,,2.0975276746126346,,0.6123809147781871,12.114895820617676,5.7757978439331055,0.9285714030265808,,,8.406012535095215,98.0,17.052108764648438,60.075679779052734,,,142.4405517578125,257.3444519042969,22.28919219970703,,0.08488148811595098,0.6800000071525574,,65.0,"q80/q95 ATR, q95 drift, q10 margin, and pool cert-pass require raw tails; retained summaries only"
PushT,3072,0.02,88.33333333333333,86.66666666666667,86.66666666666667,73.66666666666667,86.33333333333333,4.333333333333333,89.0,72.06666666666666,true,true,0.8188976377952757,,1.078168166445085,,0.31477515936675066,6.307812690734863,5.850490570068359,0.9693877100944519,,,12.639883041381836,98.0,9.00469970703125,35.41753387451172,,,137.9564971923828,249.26600646972656,67.12142944335938,,0.32147577160119245,0.8900000005960464,,65.0,"q80/q95 ATR, q95 drift, q10 margin, and pool cert-pass require raw tails; retained summaries only"
PushT,3072,0.03,89.66666666666667,89.33333333333333,89.33333333333333,82.0,86.33333333333333,4.333333333333333,89.0,72.06666666666666,true,true,0.9173228346456693,,0.6133715048678218,,0.17907606550135166,3.6284141540527344,5.915524482727051,1.0,,,14.86817741394043,98.0,4.932037353515625,18.50579261779785,,,148.3240203857422,268.7013244628906,111.31243515014648,,0.6005993008033765,0.9400000013411045,,65.0,"q80/q95 ATR, q95 drift, q10 margin, and pool cert-pass require raw tails; retained summaries only"
PushT,3072,0.04,89.33333333333333,86.66666666666667,85.66666666666667,86.66666666666667,86.33333333333333,4.333333333333333,89.0,72.06666666666666,true,true,0.9724409448818898,,0.50333236612653,,0.14694973445962142,2.881791114807129,5.725423812866211,0.9897959232330322,,,15.233917236328125,98.0,3.9617156982421875,14.685661315917969,,,141.92672729492188,266.8861389160156,112.55540466308594,,0.6570734734645887,0.9299999997019768,,65.0,"q80/q95 ATR, q95 drift, q10 margin, and pool cert-pass require raw tails; retained summaries only"
PushT,3072,0.05,80.66666666666667,83.33333333333333,78.66666666666667,78.33333333333333,86.33333333333333,4.333333333333333,89.0,72.06666666666666,false,false,0.8740157480314961,,0.5036910676900177,,0.14705445869961103,2.7001867294311523,5.360799312591553,1.0,,,15.299541473388672,98.0,3.8602166175842285,15.16696548461914,,,124.8997573852539,246.27890014648438,94.56582641601562,,0.609183659928663,0.9200000017881393,,65.0,"q80/q95 ATR, q95 drift, q10 margin, and pool cert-pass require raw tails; retained summaries only"
PushT,3072,0.06,89.33333333333333,88.33333333333333,88.0,87.66666666666667,86.33333333333333,4.333333333333333,89.0,72.06666666666666,true,true,0.984251968503937,,0.4832480827393781,,0.1410860540981407,2.329923629760742,4.82138204574585,1.0,,,15.627695083618164,98.0,3.37506103515625,16.226016998291016,,,104.10734558105469,236.86209106445312,71.65531158447266,,0.5247190768301248,0.9200000017881393,,65.0,"q80/q95 ATR, q95 drift, q10 margin, and pool cert-pass require raw tails; retained summaries only"
PushT,3072,0.07,85.66666666666667,85.33333333333333,84.33333333333333,84.0,86.33333333333333,4.333333333333333,89.0,72.06666666666666,true,true,0.9409448818897638,,0.33615049769286,,0.09814037343669979,1.8453311920166016,5.489598274230957,1.0,,,15.643841743469238,98.0,2.3828582763671875,8.811836242675781,,,127.98778533935547,281.9159240722656,110.3641128540039,,0.7579356357166889,0.9499999992549419,,65.0,"q80/q95 ATR, q95 drift, q10 margin, and pool cert-pass require raw tails; retained summaries only"
PushT,3072,0.08,88.33333333333333,89.0,87.33333333333333,89.0,86.33333333333333,4.333333333333333,89.0,72.06666666666666,true,true,1.0,,0.22418129709450388,,0.06545055374120207,1.2384361028671265,5.524261474609375,1.0,,,16.227333068847656,98.0,1.864837646484375,7.28698205947876,,,122.666259765625,267.191650390625,108.09229564666748,,0.7876138102016731,0.9800000004470348,,65.0,"q80/q95 ATR, q95 drift, q10 margin, and pool cert-pass require raw tails; retained summaries only"
PushT,3073,0.00,75.0,35.666667,9.333333,2.0,75.0,2.0,86.666667,69.73333360000001,true,false,0.0,,3.9464090489730728,,1.0,21.43501091003418,5.431522846221924,0.23469386994838715,,,-2.244981288909912,98.0,80.14501953125,212.6455535888672,,,110.22613525390625,234.31199645996094,-315.0649719238281,,-0.5883376798349231,0.0899999737739563,,65.0,"q80/q95 ATR, q95 drift, q10 margin, and pool cert-pass require raw tails; retained summaries only"
PushT,3073,0.01,84.666667,78.0,62.0,21.666667,75.0,2.0,86.666667,69.73333360000001,true,false,0.23228346758943516,,3.3327761202221877,,0.8445085339264151,18.530624389648438,5.560116767883301,0.714285671710968,,,2.934873104095459,98.0,25.348175048828125,111.61507415771484,,,132.6833038330078,257.82781982421875,-90.54684448242188,,-0.2544069181309227,0.3799999952316284,,65.0,"q80/q95 ATR, q95 drift, q10 margin, and pool cert-pass require raw tails; retained summaries only"
PushT,3073,0.02,87.0,84.0,81.333333,46.0,75.0,2.0,86.666667,69.73333360000001,true,false,0.5196850373240747,,2.5243999152143277,,0.6396701112043168,13.572619438171387,5.376572608947754,0.9081632494926453,,,8.849311828613281,98.0,15.96807861328125,72.2715835571289,,,120.92267608642578,251.117431640625,-23.62049102783203,,-0.0889775149339104,0.6599999964237213,,65.0,"q80/q95 ATR, q95 drift, q10 margin, and pool cert-pass require raw tails; retained summaries only"
PushT,3073,0.03,89.666667,89.666667,86.0,80.666667,75.0,2.0,86.666667,69.73333360000001,true,true,0.9291338585467172,,0.7399988157138043,,0.1875119397231175,4.385834693908691,5.926813125610352,0.9897959232330322,,,14.783273696899414,98.0,4.6373291015625,17.732091903686523,,,131.6389923095703,258.29083251953125,96.17480850219727,,0.5755414752553293,0.8999999985098839,,65.0,"q80/q95 ATR, q95 drift, q10 margin, and pool cert-pass require raw tails; retained summaries only"
PushT,3073,0.04,88.0,88.666667,88.0,86.666667,75.0,2.0,86.666667,69.73333360000001,true,true,1.0,,0.4237914113405229,,0.10738659020934516,2.499682903289795,5.898380279541016,1.0,,,15.654243469238281,98.0,3.510711669921875,12.363597869873047,,,138.2318115234375,268.2921447753906,113.5046157836914,,0.6965225039716731,0.9400000013411045,,65.0,"q80/q95 ATR, q95 drift, q10 margin, and pool cert-pass require raw tails; retained summaries only"
PushT,3073,0.05,88.0,87.666667,86.333333,85.333333,75.0,2.0,86.666667,69.73333360000001,true,true,0.9842519606919213,,0.40131830289896114,,0.10169201872355109,2.3311803340911865,5.808806419372559,1.0,,,15.073539733886719,98.0,3.09942626953125,10.701467514038086,,,128.5529022216797,270.8442077636719,107.14996719360352,,0.714543489328404,0.9400000013411045,,65.0,"q80/q95 ATR, q95 drift, q10 margin, and pool cert-pass require raw tails; retained summaries only"
PushT,3073,0.06,86.333333,88.0,87.0,86.333333,75.0,2.0,86.666667,69.73333360000001,true,true,0.9960629842674684,,0.3270716653991855,,0.08287829805283248,1.93101966381073,5.903964996337891,1.0,,,15.527758598327637,98.0,2.5637054443359375,9.09243392944336,,,136.65054321289062,268.7486572265625,118.4656753540039,,0.7651071194501223,0.9600000008940697,,65.0,"q80/q95 ATR, q95 drift, q10 margin, and pool cert-pass require raw tails; retained summaries only"
PushT,3073,0.07,86.0,87.666667,83.666667,84.333333,75.0,2.0,86.666667,69.73333360000001,true,true,0.9724409371163741,,0.27490800050609143,,0.06966029042975853,1.5996897220611572,5.819000244140625,1.0,,,15.364755630493164,98.0,2.232147216796875,8.237308502197266,,,134.16238403320312,277.616943359375,117.6877670288086,,0.781267326209143,0.9700000006705523,,65.0,"q80/q95 ATR, q95 drift, q10 margin, and pool cert-pass require raw tails; retained summaries only"
PushT,3073,0.08,84.666667,83.666667,80.666667,81.0,75.0,2.0,86.666667,69.73333360000001,true,true,0.9330708624682249,,0.2663277454467475,,0.06748609739683492,1.459782361984253,5.481150150299072,1.0,,,16.346954345703125,98.0,2.1136627197265625,7.802004337310791,,,128.8500213623047,267.54412841796875,113.2460126876831,,0.7839588321539638,0.9800000004470348,,65.0,"q80/q95 ATR, q95 drift, q10 margin, and pool cert-pass require raw tails; retained summaries only"
PushT,3074,0.00,84.0,65.666667,31.333333,15.333333,84.0,15.333333,87.333333,72.933333,true,false,0.0,,3.368840925923857,,1.0,19.55472183227539,5.804584503173828,0.6530612111091614,,,1.3760385513305664,98.0,39.79994201660156,125.16226959228516,,,143.67208862304688,267.87786865234375,-106.65245056152344,,-0.2706938157186462,0.2200000286102295,,65.0,"q80/q95 ATR, q95 drift, q10 margin, and pool cert-pass require raw tails; retained summaries only"
PushT,3074,0.01,85.0,83.666667,71.666667,40.333333,84.0,15.333333,87.333333,72.933333,true,false,0.34722222222222227,,2.4359892308956077,,0.7230941693180636,14.055628776550293,5.769988059997559,0.8469387292861938,,,7.040015697479248,98.0,19.25360107421875,69.73387145996094,,,121.03825378417969,257.9490051269531,-18.429489135742188,,-0.07074497082182504,0.6899999976158142,,65.0,"q80/q95 ATR, q95 drift, q10 margin, and pool cert-pass require raw tails; retained summaries only"
PushT,3074,0.02,86.666667,84.666667,80.666667,68.333333,84.0,15.333333,87.333333,72.933333,true,false,0.7361111111111112,,1.1164728551486196,,0.33141156845879943,6.347475528717041,5.685293197631836,0.9897959232330322,,,12.573275566101074,98.0,8.621635437011719,32.4085807800293,,,138.15997314453125,277.12451171875,73.34281158447266,,0.3613353380478763,0.9200000017881393,,65.0,"q80/q95 ATR, q95 drift, q10 margin, and pool cert-pass require raw tails; retained summaries only"
PushT,3074,0.03,89.666667,90.0,91.0,84.666667,84.0,15.333333,87.333333,72.933333,true,true,0.9629629722222224,,0.6350778064999901,,0.18851522540377266,3.8366124629974365,6.041169166564941,1.0,,,14.664518356323242,98.0,4.835723876953125,18.254894256591797,,,149.91329956054688,275.861083984375,113.40351104736328,,0.6083125873470753,0.9700000006705523,,65.0,"q80/q95 ATR, q95 drift, q10 margin, and pool cert-pass require raw tails; retained summaries only"
PushT,3074,0.04,90.0,89.333333,88.333333,86.333333,84.0,15.333333,87.333333,72.933333,true,true,0.9861111111111112,,0.44894904308193334,,0.13326513568129233,2.5746750831604004,5.734893798828125,1.0,,,14.730710983276367,98.0,3.559906005859375,13.14966106414795,,,146.96759033203125,264.2799987792969,120.66826820373535,,0.6964299559003455,0.9299999997019768,,65.0,"q80/q95 ATR, q95 drift, q10 margin, and pool cert-pass require raw tails; retained summaries only"
PushT,3074,0.05,83.333333,81.666667,82.666667,79.666667,84.0,15.333333,87.333333,72.933333,true,true,0.8935185277777778,,0.5117253256273983,,0.15189952178791724,2.7168705463409424,5.3092360496521,1.0,,,15.235418319702148,98.0,3.9116973876953125,15.4502534866333,,,124.92062377929688,270.5146179199219,94.02011680603027,,0.6033848962072361,0.9499999992549419,,65.0,"q80/q95 ATR, q95 drift, q10 margin, and pool cert-pass require raw tails; retained summaries only"
PushT,3074,0.06,89.0,90.333333,87.0,86.333333,84.0,15.333333,87.333333,72.933333,true,true,0.9861111111111112,,0.2956034247775745,,0.08774632916112221,1.752495527267456,5.9285359382629395,1.0,,,15.856171607971191,98.0,2.2631072998046875,8.226112365722656,,,155.7952880859375,277.6924743652344,139.3430633544922,,0.8089699588418626,0.9900000002235174,,65.0,"q80/q95 ATR, q95 drift, q10 margin, and pool cert-pass require raw tails; retained summaries only"
PushT,3074,0.07,87.666667,85.0,84.666667,83.666667,84.0,15.333333,87.333333,72.933333,true,true,0.9490740833333334,,0.2982819872304896,,0.08854142828031869,1.6642999649047852,5.579619407653809,1.0,,,15.177249908447266,98.0,2.343780517578125,9.243599891662598,,,128.9737548828125,249.69151306152344,110.4865550994873,,0.7492597301410135,0.9700000006705523,,65.0,"q80/q95 ATR, q95 drift, q10 margin, and pool cert-pass require raw tails; retained summaries only"
PushT,3074,0.08,87.666667,87.0,86.0,87.333333,84.0,15.333333,87.333333,72.933333,true,true,1.0,,0.24924560008746618,,0.0739855652338687,1.4653362035751343,5.879085540771484,1.0,,,16.24110984802246,98.0,1.84149169921875,6.375582695007324,,,144.62107849121094,272.35919189453125,131.8699131011963,,0.8379489918229949,0.9600000008940697,,65.0,"q80/q95 ATR, q95 drift, q10 margin, and pool cert-pass require raw tails; retained summaries only"
Reacher,3072,0.00,58.666666666666664,39.666666666666664,33.666666666666664,18.333333333333332,58.666666666666664,18.333333333333332,84.66666666666667,71.4,true,false,0.0,,2.612153470267934,,1.0,17.891921997070312,6.849491119384766,0.7699999809265137,,,3.1312713623046875,100.0,72.23531341552734,216.1820068359375,,,18.061031341552734,66.171875,-414.30298233032227,,-0.9198044978115514,0.0899999737739563,,65.0,"q80/q95 ATR, q95 drift, q10 margin, and pool cert-pass require raw tails; retained summaries only"
Reacher,3072,0.01,61.666666666666664,60.666666666666664,56.666666666666664,45.666666666666664,58.666666666666664,18.333333333333332,84.66666666666667,71.4,true,false,0.4120603015075376,,2.633614549569611,,1.008215856972399,18.181629180908203,6.903678894042969,0.8999999761581421,,,10.535755157470703,100.0,18.213775634765625,125.17802429199219,,,18.755287170410156,68.0614013671875,-231.60076141357422,,-0.8606131761946462,0.4100000262260437,,65.0,"q80/q95 ATR, q95 drift, q10 margin, and pool cert-pass require raw tails; retained summaries only"
Reacher,3072,0.02,85.66666666666667,87.33333333333333,86.66666666666667,83.66666666666667,58.666666666666664,18.333333333333332,84.66666666666667,71.4,true,true,0.9849246231155779,,0.06478999624693388,,0.024803288545021143,0.44607818126678467,6.884985446929932,1.0,,,18.787851333618164,100.0,0.5315093994140625,3.1470301151275635,,,20.494937896728516,86.0391616821289,14.200877666473389,,0.5301011108798728,0.9900000002235174,,65.0,"q80/q95 ATR, q95 drift, q10 margin, and pool cert-pass require raw tails; retained summaries only"
Reacher,3072,0.03,78.66666666666667,80.33333333333333,79.33333333333333,78.66666666666667,58.666666666666664,18.333333333333332,84.66666666666667,71.4,true,true,0.9095477386934674,,0.19834278867908908,,0.07593075634210139,1.3913661241531372,7.014956951141357,1.0,,,17.994136810302734,100.0,2.2526702880859375,10.456961631774902,,,18.363338470458984,72.74102020263672,-2.5505847930908203,,-0.06493794833162451,0.9700000006705523,,65.0,"q80/q95 ATR, q95 drift, q10 margin, and pool cert-pass require raw tails; retained summaries only"
Reacher,3072,0.04,84.0,81.66666666666667,81.66666666666667,82.0,58.666666666666664,18.333333333333332,84.66666666666667,71.4,true,true,0.9597989949748743,,0.15205680051564777,,0.05821128132262879,1.05931556224823,6.966578006744385,1.0,,,18.074434280395508,100.0,1.61285400390625,7.590386390686035,,,19.222370147705078,66.87432861328125,4.041597366333008,,0.11747756228739722,0.9900000002235174,,65.0,"q80/q95 ATR, q95 drift, q10 margin, and pool cert-pass require raw tails; retained summaries only"
Reacher,3072,0.05,70.0,69.33333333333333,72.0,70.0,58.666666666666664,18.333333333333332,84.66666666666667,71.4,true,false,0.778894472361809,,0.045968284705797675,,0.017597849907755463,0.3514409065246582,7.645290851593018,1.0,,,17.72184944152832,100.0,0.7467193603515625,2.9015674591064453,,,10.792657852172852,55.87066650390625,4.989522933959961,,0.3006498696984927,0.9600000008940697,,65.0,"q80/q95 ATR, q95 drift, q10 margin, and pool cert-pass require raw tails; retained summaries only"
Reacher,3072,0.06,86.0,80.33333333333333,81.66666666666667,81.33333333333333,58.666666666666664,18.333333333333332,84.66666666666667,71.4,true,true,0.9497487437185929,,0.09333476847477239,,0.035730966628541486,0.6450333595275879,6.910965442657471,1.0,,,18.42116928100586,100.0,1.048370361328125,5.191004753112793,,,19.313915252685547,70.83617401123047,8.931905746459961,,0.3007788381393774,0.9900000002235174,,65.0,"q80/q95 ATR, q95 drift, q10 margin, and pool cert-pass require raw tails; retained summaries only"
Reacher,3072,0.07,83.66666666666667,83.0,84.0,84.66666666666667,58.666666666666664,18.333333333333332,84.66666666666667,71.4,true,true,1.0,,0.08639070683487915,,0.03307259999008323,0.6033676266670227,6.984172821044922,1.0,,,18.50818634033203,100.0,0.83624267578125,4.351511001586914,,,18.918437957763672,79.34336853027344,10.215415954589844,,0.36983620594408123,1.0,,65.0,"q80/q95 ATR, q95 drift, q10 margin, and pool cert-pass require raw tails; retained summaries only"
Reacher,3072,0.08,84.0,85.33333333333333,79.66666666666667,82.0,58.666666666666664,18.333333333333332,84.66666666666667,71.4,true,true,0.9597989949748743,,0.08880907729496679,,0.03399841483504316,0.6192830204963684,6.9731950759887695,1.0,,,18.475008010864258,100.0,0.8549041748046875,4.4673004150390625,,,20.090293884277344,74.31351470947266,11.155693054199219,,0.3843491307715691,0.9700000006705523,,65.0,"q80/q95 ATR, q95 drift, q10 margin, and pool cert-pass require raw tails; retained summaries only"
Reacher,3073,0.00,60.666667,41.333333,31.333333,17.666667,60.666667,17.666667,83.333333,70.1999998,true,false,0.0,,2.693261122041363,,1.0,18.526308059692383,6.8787641525268555,0.699999988079071,,,2.8028578758239746,100.0,63.25859832763672,220.74185180664062,,,16.605545043945312,76.05528259277344,-424.87815856933594,,-0.9275008304926572,0.07999998331069946,,65.0,"q80/q95 ATR, q95 drift, q10 margin, and pool cert-pass require raw tails; retained summaries only"
Reacher,3073,0.01,62.0,59.333333,56.333333,47.0,60.666667,17.666667,83.333333,70.1999998,true,false,0.44670050707310166,,2.6027048506193275,,0.9663767205188786,17.911802291870117,6.88199520111084,0.8799999952316284,,,6.815531253814697,100.0,28.418533325195312,156.45611572265625,,,18.400184631347656,67.91234588623047,-294.51204681396484,,-0.8889254749384906,0.26999998092651367,,65.0,"q80/q95 ATR, q95 drift, q10 margin, and pool cert-pass require raw tails; retained summaries only"
Reacher,3073,0.02,73.666667,74.333333,72.333333,62.666667,60.666667,17.666667,83.333333,70.1999998,true,false,0.6852791947744081,,0.6588230618793407,,0.24461908148734735,4.592872142791748,6.9713287353515625,0.9799999594688416,,,17.03325653076172,100.0,4.847540855407715,26.608245849609375,,,17.682003021240234,67.62015533447266,-35.534488677978516,,-0.501202300811669,0.8400000035762787,,65.0,"q80/q95 ATR, q95 drift, q10 margin, and pool cert-pass require raw tails; retained summaries only"
Reacher,3073,0.03,76.0,78.666667,77.666667,71.0,60.666667,17.666667,83.333333,70.1999998,true,true,0.8121827442861193,,0.23340795508553996,,0.08666369301340819,1.6307950019836426,6.986886978149414,1.0,,,17.597444534301758,100.0,2.644989013671875,11.715326309204102,,,17.582107543945312,69.78968048095703,-5.848545074462891,,-0.14260305942127863,0.9499999992549419,,65.0,"q80/q95 ATR, q95 drift, q10 margin, and pool cert-pass require raw tails; retained summaries only"
Reacher,3073,0.04,81.0,80.333333,84.0,79.666667,60.666667,17.666667,83.333333,70.1999998,true,true,0.944162446133629,,0.15381685673917023,,0.0571117503165027,1.0735242366790771,6.979236602783203,0.9799999594688416,,,18.041141510009766,100.0,1.494598388671875,7.412821292877197,,,18.601093292236328,70.34796905517578,3.7754507064819336,,0.11294703498009517,0.9800000004470348,,65.0,"q80/q95 ATR, q95 drift, q10 margin, and pool cert-pass require raw tails; retained summaries only"
Reacher,3073,0.05,79.333333,80.0,79.333333,80.0,60.666667,17.666667,83.333333,70.1999998,true,true,0.9492385832410009,,0.11123624434477171,,0.04130169311635849,0.7743006944656372,6.960866928100586,0.9799999594688416,,,18.27404022216797,100.0,1.1740570068359375,6.144323348999023,,,16.760807037353516,59.095970153808594,4.472160339355469,,0.15394989455216315,0.9600000008940697,,65.0,"q80/q95 ATR, q95 drift, q10 margin, and pool cert-pass require raw tails; retained summaries only"
Reacher,3073,0.06,79.333333,81.666667,83.666667,81.666667,60.666667,17.666667,83.333333,70.1999998,true,true,0.9746192992347138,,0.09228874708655786,,0.034266542642774796,0.6527312397956848,7.072706699371338,0.9899999499320984,,,18.40583038330078,100.0,1.009124755859375,4.654671669006348,,,17.885221481323242,68.79460144042969,8.575878143310547,,0.31535265227750925,0.9900000002235174,,65.0,"q80/q95 ATR, q95 drift, q10 margin, and pool cert-pass require raw tails; retained summaries only"
Reacher,3073,0.07,79.0,80.666667,79.666667,83.333333,60.666667,17.666667,83.333333,70.1999998,true,true,1.0,,0.08391022999214207,,0.031155623680685716,0.5827128291130066,6.944478988647461,0.9899999499320984,,,18.18914031982422,100.0,0.9565277099609375,4.542376518249512,,,19.971710205078125,70.6512222290039,10.886957168579102,,0.3746828056141563,0.9900000002235174,,65.0,"q80/q95 ATR, q95 drift, q10 margin, and pool cert-pass require raw tails; retained summaries only"
Reacher,3073,0.08,81.666667,82.0,84.0,82.333333,60.666667,17.666667,83.333333,70.1999998,true,true,0.9847715734494576,,0.07983325670074502,,0.029641855387655555,0.5674574375152588,7.108033180236816,0.9899999499320984,,,18.58181381225586,100.0,0.785430908203125,3.9728424549102783,,,20.629228591918945,63.33323669433594,12.683543682098389,,0.4438698889263771,0.9900000002235174,,65.0,"q80/q95 ATR, q95 drift, q10 margin, and pool cert-pass require raw tails; retained summaries only"
Reacher,3074,0.00,58.333333,46.666667,35.666667,18.666667,58.333333,18.666667,83.333333,70.3999998,true,false,0.0,,2.5791641540531067,,1.0,17.943042755126953,6.956921577453613,0.7299999594688416,,,2.203559398651123,100.0,67.87094116210938,214.99049377441406,,,17.202045440673828,67.00257110595703,-412.7789421081543,,-0.9230648563489745,0.12000000476837158,,65.0,"q80/q95 ATR, q95 drift, q10 margin, and pool cert-pass require raw tails; retained summaries only"
Reacher,3074,0.01,64.333333,62.0,55.0,41.0,58.333333,18.666667,83.333333,70.3999998,true,false,0.3453608231480498,,2.3961164203351046,,0.9290282731983747,16.64195442199707,6.9453864097595215,0.9199999570846558,,,10.098895072937012,100.0,19.646392822265625,122.87761688232422,,,19.695039749145508,71.41744232177734,-226.06019401550293,,-0.8516103261945028,0.4300000071525574,,65.0,"q80/q95 ATR, q95 drift, q10 margin, and pool cert-pass require raw tails; retained summaries only"
Reacher,3074,0.02,71.666667,67.666667,72.666667,64.666667,58.333333,18.666667,83.333333,70.3999998,true,false,0.7113402135189714,,2.0959519810047227,,0.812647763311604,14.641153335571289,6.985443115234375,0.949999988079071,,,14.224571228027344,100.0,11.058178901672363,83.25837707519531,,,17.451324462890625,69.39429473876953,-149.0654296875,,-0.8102787766830418,0.5999999940395355,,65.0,"q80/q95 ATR, q95 drift, q10 margin, and pool cert-pass require raw tails; retained summaries only"
Reacher,3074,0.03,80.0,79.0,80.333333,80.666667,58.333333,18.666667,83.333333,70.3999998,true,true,0.9587628964820918,,0.28342804287613466,,0.10989143224200482,1.9798216819763184,6.985270977020264,0.9799999594688416,,,17.712059020996094,100.0,3.1432037353515625,14.234064102172852,,,16.79741668701172,66.6308364868164,-11.670711517333984,,-0.2578277041698005,0.9600000008940697,,65.0,"q80/q95 ATR, q95 drift, q10 margin, and pool cert-pass require raw tails; retained summaries only"
Reacher,3074,0.04,80.333333,84.0,77.666667,80.0,58.333333,18.666667,83.333333,70.3999998,true,true,0.9484536128706559,,0.13970067865464328,,0.054165097803141514,0.9755398035049438,6.983071327209473,0.9899999499320984,,,17.801149368286133,100.0,1.4317550659179688,6.744184970855713,,,20.038528442382812,61.37672805786133,6.550158500671387,,0.19537024945256207,0.9700000006705523,,65.0,"q80/q95 ATR, q95 drift, q10 margin, and pool cert-pass require raw tails; retained summaries only"
Reacher,3074,0.05,80.0,82.666667,81.333333,83.333333,58.333333,18.666667,83.333333,70.3999998,true,true,1.0,,0.1074369736155499,,0.04165573309737372,0.7661603689193726,7.131254196166992,1.0,,,18.35089874267578,100.0,1.1419830322265625,5.643496036529541,,,17.980464935302734,64.47481536865234,6.693472862243652,,0.22870018602337316,0.9700000006705523,,65.0,"q80/q95 ATR, q95 drift, q10 margin, and pool cert-pass require raw tails; retained summaries only"
Reacher,3074,0.06,81.333333,76.0,79.666667,79.0,58.333333,18.666667,83.333333,70.3999998,true,true,0.9329896951854608,,0.10127330669045415,,0.0392659406852042,0.7214694023132324,7.123983860015869,0.9899999499320984,,,18.23627281188965,100.0,0.9631309509277344,5.189949035644531,,,19.57706642150879,65.98301696777344,9.197168350219727,,0.3070126932396829,0.9900000002235174,,65.0,"q80/q95 ATR, q95 drift, q10 margin, and pool cert-pass require raw tails; retained summaries only"
Reacher,3074,0.07,83.666667,83.666667,80.666667,82.0,58.333333,18.666667,83.333333,70.3999998,true,true,0.9793814482410459,,0.08935972252532325,,0.03464677592734691,0.630268394947052,7.053159713745117,0.9899999499320984,,,18.476932525634766,100.0,0.9191131591796875,4.730711936950684,,,17.503122329711914,69.18505096435547,8.041698455810547,,0.2982322934376938,1.0,,65.0,"q80/q95 ATR, q95 drift, q10 margin, and pool cert-pass require raw tails; retained summaries only"
Reacher,3074,0.08,78.333333,80.333333,82.333333,80.333333,58.333333,18.666667,83.333333,70.3999998,true,true,0.9536082469444149,,0.07801434049559372,,0.030247915927722434,0.5573290586471558,7.143930912017822,1.0,,,18.448070526123047,100.0,0.8364410400390625,4.287737846374512,,,19.516101837158203,67.80001831054688,10.94062614440918,,0.38946286063006025,0.9900000002235174,,65.0,"q80/q95 ATR, q95 drift, q10 margin, and pool cert-pass require raw tails; retained summaries only"
Cube,3072,0.00,66.66666666666667,63.666666666666664,48.666666666666664,47.0,66.66666666666667,47.0,68.33333333333333,64.06666666666666,true,false,0.0,,2.2742336070066784,,1.0,21.663156509399414,9.52547550201416,0.4899999797344208,,,-0.11974334716796875,100.0,63.67401123046875,203.14549255371094,,,87.72187042236328,242.04151916503906,-318.5691146850586,,-0.6448599689646147,0.11000001430511475,,65.0,"q80/q95 ATR, q95 drift, q10 margin, and pool cert-pass require raw tails; retained summaries only"
Cube,3072,0.01,69.33333333333333,70.0,70.66666666666667,49.0,66.66666666666667,47.0,68.33333333333333,64.06666666666666,true,false,0.09375000000000003,,2.0776750575894734,,0.9135715219352891,18.83902359008789,9.067358016967773,0.8100000023841858,,,4.398467540740967,100.0,41.11662292480469,143.44857788085938,,,84.65328979492188,227.63294982910156,-202.24386596679688,,-0.5443241109933361,0.2900000214576721,,65.0,"q80/q95 ATR, q95 drift, q10 margin, and pool cert-pass require raw tails; retained summaries only"
Cube,3072,0.02,60.0,56.666666666666664,60.666666666666664,58.666666666666664,66.66666666666667,47.0,68.33333333333333,64.06666666666666,false,false,0.546875,,0.04780825968518538,,0.021021701349365818,0.5130972266197205,10.732397079467773,1.0,,,19.35691261291504,100.0,0.5626220703125,2.7413582801818848,,,59.935157775878906,262.87384033203125,54.45244121551514,,0.8323786391412397,1.0,,65.0,"q80/q95 ATR, q95 drift, q10 margin, and pool cert-pass require raw tails; retained summaries only"
Cube,3072,0.03,65.0,67.66666666666667,66.66666666666667,68.33333333333333,66.66666666666667,47.0,68.33333333333333,64.06666666666666,true,true,1.0,,0.7240019399862586,,0.3183498554219248,6.891856670379639,9.519113540649414,0.9899999499320984,,,15.25413703918457,100.0,9.242095947265625,36.68883514404297,,,95.60371398925781,231.79238891601562,22.226043701171875,,0.13152953975505874,0.9299999997019768,,65.0,"q80/q95 ATR, q95 drift, q10 margin, and pool cert-pass require raw tails; retained summaries only"
Cube,3072,0.04,69.0,67.0,66.0,65.0,66.66666666666667,47.0,68.33333333333333,64.06666666666666,true,true,0.8437500000000002,,0.3680051470679651,,0.16181501580760188,3.3592426776885986,9.128249168395996,1.0,,,17.45124626159668,100.0,4.42291259765625,17.40961456298828,,,93.4710693359375,236.8490753173828,58.65184020996094,,0.45718063573897316,0.9600000008940697,,65.0,"q80/q95 ATR, q95 drift, q10 margin, and pool cert-pass require raw tails; retained summaries only"
Cube,3072,0.05,59.333333333333336,60.0,56.333333333333336,60.0,66.66666666666667,47.0,68.33333333333333,64.06666666666666,false,false,0.6093750000000001,,0.030684271457932382,,0.013492137027347285,0.3877565264701843,12.636980056762695,1.0,,,19.03295135498047,100.0,0.3953094482421875,1.9717979431152344,,,40.279258728027344,278.317626953125,36.335662841796875,,0.8216489676829034,1.0,,65.0,"q80/q95 ATR, q95 drift, q10 margin, and pool cert-pass require raw tails; retained summaries only"
Cube,3072,0.06,66.66666666666667,65.33333333333333,66.0,66.66666666666667,66.66666666666667,47.0,68.33333333333333,64.06666666666666,true,true,0.9218750000000004,,0.13599607434451766,,0.05979863894611698,1.3079760074615479,9.617748260498047,1.0,,,18.39617156982422,100.0,1.854380488395691,7.333138465881348,,,93.59437561035156,222.46714782714844,78.92809867858887,,0.7290561882387,1.0,,65.0,"q80/q95 ATR, q95 drift, q10 margin, and pool cert-pass require raw tails; retained summaries only"
Cube,3072,0.07,67.66666666666667,67.33333333333333,69.0,67.33333333333333,66.66666666666667,47.0,68.33333333333333,64.06666666666666,true,true,0.953125,,0.10016446149654128,,0.044043171813108795,0.9823007583618164,9.806879043579102,1.0,,,18.668975830078125,100.0,1.3166007995605469,5.664059638977051,,,87.43185424804688,239.83724975585938,76.10373497009277,,0.77059290573884,1.0,,65.0,"q80/q95 ATR, q95 drift, q10 margin, and pool cert-pass require raw tails; retained summaries only"
Cube,3072,0.08,62.333333333333336,60.666666666666664,61.666666666666664,62.0,66.66666666666667,47.0,68.33333333333333,64.06666666666666,true,false,0.7031250000000001,,0.09119283847319774,,0.040098272311270944,0.889130175113678,9.75,1.0,,,18.855880737304688,100.0,1.2167816162109375,4.914822578430176,,,67.41226196289062,231.8550262451172,57.58261680603027,,0.7454841413580983,0.9900000002235174,,65.0,"q80/q95 ATR, q95 drift, q10 margin, and pool cert-pass require raw tails; retained summaries only"
Cube,3073,0.00,65.0,64.0,44.0,39.0,65.0,39.0,65.666667,60.3333336,true,false,0.0,,2.3036574016869658,,1.0,21.94066619873047,9.524274826049805,0.41999998688697815,,,-0.41057491302490234,100.0,61.53825378417969,199.88235473632812,,,76.69497680664062,212.951416015625,-323.0697326660156,,-0.6780631016002349,0.04000002145767212,,65.0,"q80/q95 ATR, q95 drift, q10 margin, and pool cert-pass require raw tails; retained summaries only"
Cube,3073,0.01,65.333333,65.666667,66.666667,48.333333,65.0,39.0,65.666667,60.3333336,true,false,0.3499999831250003,,1.7766762916055157,,0.7712415441221675,16.13872528076172,9.083661079406738,0.9099999666213989,,,7.624826431274414,100.0,29.838027954101562,110.50860595703125,,,95.81092834472656,228.7194366455078,-125.20628356933594,,-0.3951867516157672,0.48000001907348633,,65.0,"q80/q95 ATR, q95 drift, q10 margin, and pool cert-pass require raw tails; retained summaries only"
Cube,3073,0.02,66.0,64.666667,65.333333,59.0,65.0,39.0,65.666667,60.3333336,true,false,0.749999990625,,1.0559506338552718,,0.45838006688060484,9.999229431152344,9.469409942626953,0.9799999594688416,,,12.239564895629883,100.0,18.58404541015625,65.30197143554688,,,96.21139526367188,253.6106719970703,-34.392547607421875,,-0.15163237147122252,0.760000005364418,,65.0,"q80/q95 ATR, q95 drift, q10 margin, and pool cert-pass require raw tails; retained summaries only"
Cube,3073,0.03,66.333333,60.666667,64.666667,64.333333,65.0,39.0,65.666667,60.3333336,true,true,0.949999975625,,0.6640239554413109,,0.2882477033933287,6.460719108581543,9.729647636413574,0.9899999499320984,,,15.142491340637207,100.0,10.039093017578125,37.94728088378906,,,81.62281799316406,244.3287811279297,5.7282562255859375,,0.03636586790795225,0.9400000013411045,,65.0,"q80/q95 ATR, q95 drift, q10 margin, and pool cert-pass require raw tails; retained summaries only"
Cube,3073,0.04,68.666667,63.333333,65.666667,64.333333,65.0,39.0,65.666667,60.3333336,true,true,0.949999975625,,0.3884189434786768,,0.16860968266993087,3.6789331436157227,9.471559524536133,1.0,,,17.044601440429688,100.0,5.5037689208984375,20.768369674682617,,,84.60527801513672,231.2976531982422,43.068538665771484,,0.34142896685502994,0.9800000004470348,,65.0,"q80/q95 ATR, q95 drift, q10 margin, and pool cert-pass require raw tails; retained summaries only"
Cube,3073,0.05,67.333333,65.666667,62.333333,65.666667,65.0,39.0,65.666667,60.3333336,true,true,1.0,,0.2046304788834513,,0.08882852056629628,1.9530102014541626,9.544082641601562,1.0,,,17.997264862060547,100.0,2.6625518798828125,10.672389030456543,,,82.40016174316406,228.39678955078125,61.05538368225098,,0.5885143294463692,1.0,,65.0,"q80/q95 ATR, q95 drift, q10 margin, and pool cert-pass require raw tails; retained summaries only"
Cube,3073,0.06,64.333333,65.0,64.666667,65.666667,65.0,39.0,65.666667,60.3333336,true,true,1.0,,0.13415380353433165,,0.05823513662929695,1.2868865728378296,9.592620849609375,1.0,,,18.332454681396484,100.0,1.6420135498046875,7.179576396942139,,,83.36009979248047,224.74659729003906,69.00094699859619,,0.7061141502040462,1.0,,65.0,"q80/q95 ATR, q95 drift, q10 margin, and pool cert-pass require raw tails; retained summaries only"
Cube,3073,0.07,63.666667,63.333333,64.333333,64.666667,65.0,39.0,65.666667,60.3333336,true,true,0.96250000046875,,0.12339337259711963,,0.053564116134091296,1.1739400625228882,9.513801574707031,1.0,,,18.460758209228516,100.0,1.4326934814453125,5.851884841918945,,,87.79841613769531,231.69998168945312,76.09464645385742,,0.7647535159713955,0.9900000002235174,,65.0,"q80/q95 ATR, q95 drift, q10 margin, and pool cert-pass require raw tails; retained summaries only"
Cube,3073,0.08,65.666667,67.333333,65.0,64.666667,65.0,39.0,65.666667,60.3333336,true,true,0.96250000046875,,0.10161935750323704,,0.044112183273789456,0.942011296749115,9.269998550415039,1.0,,,18.66754722595215,100.0,1.276611328125,5.195583820343018,,,94.1574478149414,237.58209228515625,83.76628017425537,,0.8012184552535436,1.0,,65.0,"q80/q95 ATR, q95 drift, q10 margin, and pool cert-pass require raw tails; retained summaries only"
Cube,3074,0.00,64.0,61.333333,47.333333,43.333333,64.0,43.333333,65.333333,60.933333,true,false,0.0,,2.3820318136256216,,1.0,21.607158660888672,9.070894241333008,0.44999998807907104,,,-0.26813793182373047,100.0,58.949432373046875,193.08544921875,,,83.85115814208984,243.9427032470703,-302.31974029541016,,-0.6432033051713117,0.11000001430511475,,65.0,"q80/q95 ATR, q95 drift, q10 margin, and pool cert-pass require raw tails; retained summaries only"
Cube,3074,0.01,65.666667,65.333333,65.333333,49.0,64.0,43.333333,65.333333,60.933333,true,false,0.25757577272727267,,1.987435815476264,,0.8343447825120545,18.60129165649414,9.359442710876465,0.8199999928474426,,,3.479539394378662,100.0,44.97016906738281,160.71115112304688,,,93.66342163085938,238.09022521972656,-227.75888061523438,,-0.5487032377021717,0.25999999046325684,,65.0,"q80/q95 ATR, q95 drift, q10 margin, and pool cert-pass require raw tails; retained summaries only"
Cube,3074,0.02,65.0,63.0,64.0,52.333333,64.0,43.333333,65.333333,60.933333,true,false,0.4090909090909092,,1.528283791830296,,0.6415883209822205,14.5150785446167,9.49763298034668,0.949999988079071,,,8.672127723693848,100.0,25.316986083984375,94.4981460571289,,,80.67768096923828,244.10040283203125,-108.31861114501953,,-0.40166505468246155,0.5200000107288361,,65.0,"q80/q95 ATR, q95 drift, q10 margin, and pool cert-pass require raw tails; retained summaries only"
Cube,3074,0.03,62.333333,62.0,64.666667,65.333333,64.0,43.333333,65.333333,60.933333,true,true,1.0,,0.7462273498721302,,0.31327346075043355,7.353127956390381,9.853736877441406,0.9899999499320984,,,14.930548667907715,100.0,12.010986328125,43.80708312988281,,,71.63123321533203,245.24610900878906,-15.982933044433594,,-0.10036668624096019,0.8999999985098839,,65.0,"q80/q95 ATR, q95 drift, q10 margin, and pool cert-pass require raw tails; retained summaries only"
Cube,3074,0.04,66.666667,65.0,64.666667,63.0,64.0,43.333333,65.333333,60.933333,true,true,0.8939394090909092,,0.4423437108904243,,0.1857001692253412,3.930297374725342,8.88516616821289,1.0,,,16.354267120361328,100.0,6.23016357421875,22.85964584350586,,,78.85693359375,243.1611328125,33.13764190673828,,0.26600293781622114,0.9700000006705523,,65.0,"q80/q95 ATR, q95 drift, q10 margin, and pool cert-pass require raw tails; retained summaries only"
Cube,3074,0.05,61.333333,64.333333,63.333333,65.0,64.0,43.333333,65.333333,60.933333,true,true,0.9848485000000001,,0.1729362073456146,,0.07260029289129998,1.5994999408721924,9.249074935913086,1.0,,,18.404645919799805,100.0,2.3927459716796875,9.52449893951416,,,91.0704345703125,241.8002166748047,72.02143669128418,,0.6540302205463705,0.9900000002235174,,65.0,"q80/q95 ATR, q95 drift, q10 margin, and pool cert-pass require raw tails; retained summaries only"
Cube,3074,0.06,67.0,67.333333,63.333333,62.333333,64.0,43.333333,65.333333,60.933333,true,true,0.8636363636363639,,0.13771769795984484,,0.05781522193451679,1.3135037422180176,9.537653923034668,1.0,,,18.255714416503906,100.0,1.8927745819091797,7.396096706390381,,,93.63267517089844,232.7005615234375,78.84048175811768,,0.7271438996236379,0.9800000004470348,,65.0,"q80/q95 ATR, q95 drift, q10 margin, and pool cert-pass require raw tails; retained summaries only"
Cube,3074,0.07,62.666667,63.333333,63.0,63.666667,64.0,43.333333,65.333333,60.933333,true,true,0.9242424545454545,,0.11252082096609282,,0.04723732920881025,1.0730323791503906,9.536300659179688,1.0,,,18.68000030517578,100.0,1.43597412109375,5.828500747680664,,,101.0101318359375,241.9759521484375,89.35313034057617,,0.7930718364674426,1.0,,65.0,"q80/q95 ATR, q95 drift, q10 margin, and pool cert-pass require raw tails; retained summaries only"
Cube,3074,0.08,57.0,57.333333,59.0,61.0,64.0,43.333333,65.333333,60.933333,false,false,0.8030303181818182,,0.107951619452755,,0.045319134209397885,0.9963685870170593,9.229769706726074,1.0,,,18.54102325439453,100.0,1.2800369262695312,5.034661769866943,,,69.2587890625,226.6559295654297,59.18946552276611,,0.7461348011587331,1.0,,65.0,"q80/q95 ATR, q95 drift, q10 margin, and pool cert-pass require raw tails; retained summaries only"
