task,training_seed,checkpoint_type,std_key,subdir,run_path,model_file,model_search_dirs,clean_success,pixels_std0.08_success,atr_q90,atr_normalized_q90,smpr_delta0,recovery_label,status,finite_difference_only,history_size,n_sequences,num_noise_draws,rollout_horizon,embedding_space,sigma_small,mean_radius,radius_q50,radius_q90,mean_R2,mean_R2_over_sigma2,radius_q90_over_sigma,notes
TwoRoom,3072,base,0.00,tworoom_lewm_20260430,/opt/workspace/explorer-env/dataset/ag_data/data/world_model/quentinll/lewm-tworooms/ckpt/tworoom_lewm_20260430,/opt/workspace/explorer-env/dataset/ag_data/data/world_model/quentinll/lewm-tworooms/ckpt/tworoom_lewm_20260430/tworoom_lewm_20260430_epoch_10_object.ckpt,['/opt/workspace/explorer-env/dataset/ag_data/data/world_model/quentinll/lewm-tworooms/ckpt/tworoom_lewm_20260430'],94.0,65.66666666666667,1.5144974763039856,1.0,0.31147539615631104,false,ok,true,3,100,5,8,normalized,0.005,2.9871511459350586,2.2580952644348145,6.106174945831299,15.559821128845215,622392.8451538086,1221.2349891662598,finite-difference local Gaussian sensitivity proxy; not a global robustness certificate
TwoRoom,3072,base,0.00,tworoom_lewm_20260430,/opt/workspace/explorer-env/dataset/ag_data/data/world_model/quentinll/lewm-tworooms/ckpt/tworoom_lewm_20260430,/opt/workspace/explorer-env/dataset/ag_data/data/world_model/quentinll/lewm-tworooms/ckpt/tworoom_lewm_20260430/tworoom_lewm_20260430_epoch_10_object.ckpt,['/opt/workspace/explorer-env/dataset/ag_data/data/world_model/quentinll/lewm-tworooms/ckpt/tworoom_lewm_20260430'],94.0,65.66666666666667,1.5144974763039856,1.0,0.31147539615631104,false,ok,true,3,100,5,8,normalized,0.01,6.185223579406738,4.9342193603515625,12.432869911193848,59.600704193115234,596007.0419311523,1243.2869911193848,finite-difference local Gaussian sensitivity proxy; not a global robustness certificate
TwoRoom,3072,base,0.00,tworoom_lewm_20260430,/opt/workspace/explorer-env/dataset/ag_data/data/world_model/quentinll/lewm-tworooms/ckpt/tworoom_lewm_20260430,/opt/workspace/explorer-env/dataset/ag_data/data/world_model/quentinll/lewm-tworooms/ckpt/tworoom_lewm_20260430/tworoom_lewm_20260430_epoch_10_object.ckpt,['/opt/workspace/explorer-env/dataset/ag_data/data/world_model/quentinll/lewm-tworooms/ckpt/tworoom_lewm_20260430'],94.0,65.66666666666667,1.5144974763039856,1.0,0.31147539615631104,false,ok,true,3,100,5,8,normalized,0.02,14.053668975830078,11.69731330871582,26.588111877441406,277.2770690917969,693192.6727294922,1329.4055938720703,finite-difference local Gaussian sensitivity proxy; not a global robustness certificate
TwoRoom,3072,onset,0.01,tworoom_lewm_noise_0to001_p1,/opt/workspace/explorer-env/dataset/ag_data/data/world_model/quentinll/lewm-tworooms/ckpt/tworoom_lewm_noise_0to001_p1,/opt/workspace/explorer-env/dataset/ag_data/data/world_model/quentinll/lewm-tworooms/ckpt/tworoom_lewm_noise_0to001_p1/tworoom_lewm_noise_0to001_p1_epoch_10_object.ckpt,['/opt/workspace/explorer-env/dataset/ag_data/data/world_model/quentinll/lewm-tworooms/ckpt/tworoom_lewm_noise_0to001_p1'],93.66666666666667,94.0,1.0454658513469122,0.6903054430293876,0.7540982961654663,true,ok,true,3,100,5,8,normalized,0.005,0.9853944778442383,0.7402440309524536,1.8493990898132324,2.077422857284546,83096.91429138184,369.8798179626465,finite-difference local Gaussian sensitivity proxy; not a global robustness certificate
TwoRoom,3072,onset,0.01,tworoom_lewm_noise_0to001_p1,/opt/workspace/explorer-env/dataset/ag_data/data/world_model/quentinll/lewm-tworooms/ckpt/tworoom_lewm_noise_0to001_p1,/opt/workspace/explorer-env/dataset/ag_data/data/world_model/quentinll/lewm-tworooms/ckpt/tworoom_lewm_noise_0to001_p1/tworoom_lewm_noise_0to001_p1_epoch_10_object.ckpt,['/opt/workspace/explorer-env/dataset/ag_data/data/world_model/quentinll/lewm-tworooms/ckpt/tworoom_lewm_noise_0to001_p1'],93.66666666666667,94.0,1.0454658513469122,0.6903054430293876,0.7540982961654663,true,ok,true,3,100,5,8,normalized,0.01,2.0016818046569824,1.4907242059707642,3.8115992546081543,8.329910278320312,83299.10278320312,381.15992546081543,finite-difference local Gaussian sensitivity proxy; not a global robustness certificate
TwoRoom,3072,onset,0.01,tworoom_lewm_noise_0to001_p1,/opt/workspace/explorer-env/dataset/ag_data/data/world_model/quentinll/lewm-tworooms/ckpt/tworoom_lewm_noise_0to001_p1,/opt/workspace/explorer-env/dataset/ag_data/data/world_model/quentinll/lewm-tworooms/ckpt/tworoom_lewm_noise_0to001_p1/tworoom_lewm_noise_0to001_p1_epoch_10_object.ckpt,['/opt/workspace/explorer-env/dataset/ag_data/data/world_model/quentinll/lewm-tworooms/ckpt/tworoom_lewm_noise_0to001_p1'],93.66666666666667,94.0,1.0454658513469122,0.6903054430293876,0.7540982961654663,true,ok,true,3,100,5,8,normalized,0.02,4.124368190765381,3.1612234115600586,7.996160984039307,32.27610397338867,80690.25993347168,399.80804920196533,finite-difference local Gaussian sensitivity proxy; not a global robustness certificate
TwoRoom,3072,endpoint,0.08,tworoom_lewm_noise_0to008_p1,/opt/workspace/explorer-env/dataset/ag_data/data/world_model/quentinll/lewm-tworooms/ckpt/tworoom_lewm_noise_0to008_p1,/opt/workspace/explorer-env/dataset/ag_data/data/world_model/quentinll/lewm-tworooms/ckpt/tworoom_lewm_noise_0to008_p1/tworoom_lewm_noise_0to008_p1_epoch_10_object.ckpt,['/opt/workspace/explorer-env/dataset/ag_data/data/world_model/quentinll/lewm-tworooms/ckpt/tworoom_lewm_noise_0to008_p1'],98.33333333333333,97.66666666666667,0.09345786316418216,0.06170882726873793,0.9999999403953552,true,ok,true,3,100,5,8,normalized,0.005,0.127193883061409,0.10416850447654724,0.23844660818576813,0.02723919227719307,1089.5676910877228,47.689321637153625,finite-difference local Gaussian sensitivity proxy; not a global robustness certificate
TwoRoom,3072,endpoint,0.08,tworoom_lewm_noise_0to008_p1,/opt/workspace/explorer-env/dataset/ag_data/data/world_model/quentinll/lewm-tworooms/ckpt/tworoom_lewm_noise_0to008_p1,/opt/workspace/explorer-env/dataset/ag_data/data/world_model/quentinll/lewm-tworooms/ckpt/tworoom_lewm_noise_0to008_p1/tworoom_lewm_noise_0to008_p1_epoch_10_object.ckpt,['/opt/workspace/explorer-env/dataset/ag_data/data/world_model/quentinll/lewm-tworooms/ckpt/tworoom_lewm_noise_0to008_p1'],98.33333333333333,97.66666666666667,0.09345786316418216,0.06170882726873793,0.9999999403953552,true,ok,true,3,100,5,8,normalized,0.01,0.24181659519672394,0.19744819402694702,0.455407053232193,0.09888041764497757,988.8041764497757,45.5407053232193,finite-difference local Gaussian sensitivity proxy; not a global robustness certificate
TwoRoom,3072,endpoint,0.08,tworoom_lewm_noise_0to008_p1,/opt/workspace/explorer-env/dataset/ag_data/data/world_model/quentinll/lewm-tworooms/ckpt/tworoom_lewm_noise_0to008_p1,/opt/workspace/explorer-env/dataset/ag_data/data/world_model/quentinll/lewm-tworooms/ckpt/tworoom_lewm_noise_0to008_p1/tworoom_lewm_noise_0to008_p1_epoch_10_object.ckpt,['/opt/workspace/explorer-env/dataset/ag_data/data/world_model/quentinll/lewm-tworooms/ckpt/tworoom_lewm_noise_0to008_p1'],98.33333333333333,97.66666666666667,0.09345786316418216,0.06170882726873793,0.9999999403953552,true,ok,true,3,100,5,8,normalized,0.02,0.47291556000709534,0.3779475688934326,0.879368245601654,0.3817298710346222,954.3246775865555,43.9684122800827,finite-difference local Gaussian sensitivity proxy; not a global robustness certificate
TwoRoom,3073,base,0.00,tworoom_lewm_baseline_seed3073,/opt/workspace/explorer-env/dataset/ag_data/data/world_model/quentinll/lewm-tworooms/ckpt/tworoom_lewm_baseline_seed3073,/opt/workspace/explorer-env/dataset/ag_data/data/world_model/quentinll/lewm-tworooms/ckpt/tworoom_lewm_baseline_seed3073/tworoom_lewm_baseline_seed3073_epoch_10_object.ckpt,['/opt/workspace/explorer-env/dataset/ag_data/data/world_model/quentinll/lewm-tworooms/ckpt/tworoom_lewm_baseline_seed3073'],94.333333,71.666667,1.5172889279112693,1.0,0.2950819432735443,false,ok,true,3,100,5,8,normalized,0.005,2.073370933532715,1.6412774324417114,4.184445381164551,6.463135242462158,258525.40969848633,836.8890762329102,finite-difference local Gaussian sensitivity proxy; not a global robustness certificate
TwoRoom,3073,base,0.00,tworoom_lewm_baseline_seed3073,/opt/workspace/explorer-env/dataset/ag_data/data/world_model/quentinll/lewm-tworooms/ckpt/tworoom_lewm_baseline_seed3073,/opt/workspace/explorer-env/dataset/ag_data/data/world_model/quentinll/lewm-tworooms/ckpt/tworoom_lewm_baseline_seed3073/tworoom_lewm_baseline_seed3073_epoch_10_object.ckpt,['/opt/workspace/explorer-env/dataset/ag_data/data/world_model/quentinll/lewm-tworooms/ckpt/tworoom_lewm_baseline_seed3073'],94.333333,71.666667,1.5172889279112693,1.0,0.2950819432735443,false,ok,true,3,100,5,8,normalized,0.01,4.190451145172119,3.366421699523926,8.436495780944824,26.298011779785156,262980.11779785156,843.6495780944824,finite-difference local Gaussian sensitivity proxy; not a global robustness certificate
TwoRoom,3073,base,0.00,tworoom_lewm_baseline_seed3073,/opt/workspace/explorer-env/dataset/ag_data/data/world_model/quentinll/lewm-tworooms/ckpt/tworoom_lewm_baseline_seed3073,/opt/workspace/explorer-env/dataset/ag_data/data/world_model/quentinll/lewm-tworooms/ckpt/tworoom_lewm_baseline_seed3073/tworoom_lewm_baseline_seed3073_epoch_10_object.ckpt,['/opt/workspace/explorer-env/dataset/ag_data/data/world_model/quentinll/lewm-tworooms/ckpt/tworoom_lewm_baseline_seed3073'],94.333333,71.666667,1.5172889279112693,1.0,0.2950819432735443,false,ok,true,3,100,5,8,normalized,0.02,9.008903503417969,7.474038124084473,17.42658233642578,120.38216400146484,300955.4100036621,871.3291168212891,finite-difference local Gaussian sensitivity proxy; not a global robustness certificate
TwoRoom,3073,onset,0.01,tworoom_lewm_noise_0to001_p1_seed3073,/opt/workspace/explorer-env/dataset/ag_data/data/world_model/quentinll/lewm-tworooms/ckpt/tworoom_lewm_noise_0to001_p1_seed3073,/opt/workspace/explorer-env/dataset/ag_data/data/world_model/quentinll/lewm-tworooms/ckpt/tworoom_lewm_noise_0to001_p1_seed3073/tworoom_lewm_noise_0to001_p1_seed3073_epoch_10_object.ckpt,['/opt/workspace/explorer-env/dataset/ag_data/data/world_model/quentinll/lewm-tworooms/ckpt/tworoom_lewm_noise_0to001_p1_seed3073'],96.333333,95.666667,1.2074334060413774,0.7957834423161281,0.6393442153930664,true,ok,true,3,100,5,8,normalized,0.005,0.9012673497200012,0.69209885597229,1.8210995197296143,1.311249852180481,52449.99408721924,364.21990394592285,finite-difference local Gaussian sensitivity proxy; not a global robustness certificate
TwoRoom,3073,onset,0.01,tworoom_lewm_noise_0to001_p1_seed3073,/opt/workspace/explorer-env/dataset/ag_data/data/world_model/quentinll/lewm-tworooms/ckpt/tworoom_lewm_noise_0to001_p1_seed3073,/opt/workspace/explorer-env/dataset/ag_data/data/world_model/quentinll/lewm-tworooms/ckpt/tworoom_lewm_noise_0to001_p1_seed3073/tworoom_lewm_noise_0to001_p1_seed3073_epoch_10_object.ckpt,['/opt/workspace/explorer-env/dataset/ag_data/data/world_model/quentinll/lewm-tworooms/ckpt/tworoom_lewm_noise_0to001_p1_seed3073'],96.333333,95.666667,1.2074334060413774,0.7957834423161281,0.6393442153930664,true,ok,true,3,100,5,8,normalized,0.01,1.8104194402694702,1.4290056228637695,3.57660174369812,5.280856609344482,52808.566093444824,357.660174369812,finite-difference local Gaussian sensitivity proxy; not a global robustness certificate
TwoRoom,3073,onset,0.01,tworoom_lewm_noise_0to001_p1_seed3073,/opt/workspace/explorer-env/dataset/ag_data/data/world_model/quentinll/lewm-tworooms/ckpt/tworoom_lewm_noise_0to001_p1_seed3073,/opt/workspace/explorer-env/dataset/ag_data/data/world_model/quentinll/lewm-tworooms/ckpt/tworoom_lewm_noise_0to001_p1_seed3073/tworoom_lewm_noise_0to001_p1_seed3073_epoch_10_object.ckpt,['/opt/workspace/explorer-env/dataset/ag_data/data/world_model/quentinll/lewm-tworooms/ckpt/tworoom_lewm_noise_0to001_p1_seed3073'],96.333333,95.666667,1.2074334060413774,0.7957834423161281,0.6393442153930664,true,ok,true,3,100,5,8,normalized,0.02,3.8366446495056152,2.841489315032959,7.688355445861816,25.296602249145508,63241.50562286377,384.4177722930908,finite-difference local Gaussian sensitivity proxy; not a global robustness certificate
TwoRoom,3073,endpoint,0.08,tworoom_lewm_noise_0to008_p1_seed3073,/opt/workspace/explorer-env/dataset/ag_data/data/world_model/quentinll/lewm-tworooms/ckpt/tworoom_lewm_noise_0to008_p1_seed3073,/opt/workspace/explorer-env/dataset/ag_data/data/world_model/quentinll/lewm-tworooms/ckpt/tworoom_lewm_noise_0to008_p1_seed3073/tworoom_lewm_noise_0to008_p1_seed3073_epoch_10_object.ckpt,['/opt/workspace/explorer-env/dataset/ag_data/data/world_model/quentinll/lewm-tworooms/ckpt/tworoom_lewm_noise_0to008_p1_seed3073'],97.0,97.333333,0.1321221251210847,0.08707776264008378,0.9836065173149109,true,ok,true,3,100,5,8,normalized,0.005,0.1482265144586563,0.11200832575559616,0.29665207862854004,0.037535034120082855,1501.4013648033142,59.33041572570801,finite-difference local Gaussian sensitivity proxy; not a global robustness certificate
TwoRoom,3073,endpoint,0.08,tworoom_lewm_noise_0to008_p1_seed3073,/opt/workspace/explorer-env/dataset/ag_data/data/world_model/quentinll/lewm-tworooms/ckpt/tworoom_lewm_noise_0to008_p1_seed3073,/opt/workspace/explorer-env/dataset/ag_data/data/world_model/quentinll/lewm-tworooms/ckpt/tworoom_lewm_noise_0to008_p1_seed3073/tworoom_lewm_noise_0to008_p1_seed3073_epoch_10_object.ckpt,['/opt/workspace/explorer-env/dataset/ag_data/data/world_model/quentinll/lewm-tworooms/ckpt/tworoom_lewm_noise_0to008_p1_seed3073'],97.0,97.333333,0.1321221251210847,0.08707776264008378,0.9836065173149109,true,ok,true,3,100,5,8,normalized,0.01,0.26962733268737793,0.2052466869354248,0.5386003851890564,0.12399136275053024,1239.9136275053024,53.86003851890564,finite-difference local Gaussian sensitivity proxy; not a global robustness certificate
TwoRoom,3073,endpoint,0.08,tworoom_lewm_noise_0to008_p1_seed3073,/opt/workspace/explorer-env/dataset/ag_data/data/world_model/quentinll/lewm-tworooms/ckpt/tworoom_lewm_noise_0to008_p1_seed3073,/opt/workspace/explorer-env/dataset/ag_data/data/world_model/quentinll/lewm-tworooms/ckpt/tworoom_lewm_noise_0to008_p1_seed3073/tworoom_lewm_noise_0to008_p1_seed3073_epoch_10_object.ckpt,['/opt/workspace/explorer-env/dataset/ag_data/data/world_model/quentinll/lewm-tworooms/ckpt/tworoom_lewm_noise_0to008_p1_seed3073'],97.0,97.333333,0.1321221251210847,0.08707776264008378,0.9836065173149109,true,ok,true,3,100,5,8,normalized,0.02,0.5392889976501465,0.4095468521118164,1.1111334562301636,0.5013046264648438,1253.2615661621094,55.55667281150818,finite-difference local Gaussian sensitivity proxy; not a global robustness certificate
TwoRoom,3074,base,0.00,tworoom_lewm_baseline_seed3074,/opt/workspace/explorer-env/dataset/ag_data/data/world_model/quentinll/lewm-tworooms/ckpt/tworoom_lewm_baseline_seed3074,/opt/workspace/explorer-env/dataset/ag_data/data/world_model/quentinll/lewm-tworooms/ckpt/tworoom_lewm_baseline_seed3074/tworoom_lewm_baseline_seed3074_epoch_10_object.ckpt,['/opt/workspace/explorer-env/dataset/ag_data/data/world_model/quentinll/lewm-tworooms/ckpt/tworoom_lewm_baseline_seed3074'],95.666667,69.0,1.4947153046014692,1.0,0.4098360538482666,false,ok,true,3,100,5,8,normalized,0.005,2.2838661670684814,1.7694830894470215,4.419464111328125,10.482637405395508,419305.4962158203,883.892822265625,finite-difference local Gaussian sensitivity proxy; not a global robustness certificate
TwoRoom,3074,base,0.00,tworoom_lewm_baseline_seed3074,/opt/workspace/explorer-env/dataset/ag_data/data/world_model/quentinll/lewm-tworooms/ckpt/tworoom_lewm_baseline_seed3074,/opt/workspace/explorer-env/dataset/ag_data/data/world_model/quentinll/lewm-tworooms/ckpt/tworoom_lewm_baseline_seed3074/tworoom_lewm_baseline_seed3074_epoch_10_object.ckpt,['/opt/workspace/explorer-env/dataset/ag_data/data/world_model/quentinll/lewm-tworooms/ckpt/tworoom_lewm_baseline_seed3074'],95.666667,69.0,1.4947153046014692,1.0,0.4098360538482666,false,ok,true,3,100,5,8,normalized,0.01,4.651373386383057,3.5456743240356445,9.399819374084473,38.80918502807617,388091.8502807617,939.9819374084473,finite-difference local Gaussian sensitivity proxy; not a global robustness certificate
TwoRoom,3074,base,0.00,tworoom_lewm_baseline_seed3074,/opt/workspace/explorer-env/dataset/ag_data/data/world_model/quentinll/lewm-tworooms/ckpt/tworoom_lewm_baseline_seed3074,/opt/workspace/explorer-env/dataset/ag_data/data/world_model/quentinll/lewm-tworooms/ckpt/tworoom_lewm_baseline_seed3074/tworoom_lewm_baseline_seed3074_epoch_10_object.ckpt,['/opt/workspace/explorer-env/dataset/ag_data/data/world_model/quentinll/lewm-tworooms/ckpt/tworoom_lewm_baseline_seed3074'],95.666667,69.0,1.4947153046014692,1.0,0.4098360538482666,false,ok,true,3,100,5,8,normalized,0.02,10.288268089294434,7.959517478942871,19.509777069091797,168.6528778076172,421632.19451904297,975.4888534545898,finite-difference local Gaussian sensitivity proxy; not a global robustness certificate
TwoRoom,3074,onset,0.02,tworoom_lewm_noise_0to002_p1_seed3074,/opt/workspace/explorer-env/dataset/ag_data/data/world_model/quentinll/lewm-tworooms/ckpt/tworoom_lewm_noise_0to002_p1_seed3074,/opt/workspace/explorer-env/dataset/ag_data/data/world_model/quentinll/lewm-tworooms/ckpt/tworoom_lewm_noise_0to002_p1_seed3074/tworoom_lewm_noise_0to002_p1_seed3074_epoch_10_object.ckpt,['/opt/workspace/explorer-env/dataset/ag_data/data/world_model/quentinll/lewm-tworooms/ckpt/tworoom_lewm_noise_0to002_p1_seed3074'],97.333333,97.666667,0.527574942818781,0.35296015314397716,0.8852458596229553,true,ok,true,3,100,5,8,normalized,0.005,0.550926148891449,0.45614194869995117,1.0928871631622314,0.48540058732032776,19416.02349281311,218.5774326324463,finite-difference local Gaussian sensitivity proxy; not a global robustness certificate
TwoRoom,3074,onset,0.02,tworoom_lewm_noise_0to002_p1_seed3074,/opt/workspace/explorer-env/dataset/ag_data/data/world_model/quentinll/lewm-tworooms/ckpt/tworoom_lewm_noise_0to002_p1_seed3074,/opt/workspace/explorer-env/dataset/ag_data/data/world_model/quentinll/lewm-tworooms/ckpt/tworoom_lewm_noise_0to002_p1_seed3074/tworoom_lewm_noise_0to002_p1_seed3074_epoch_10_object.ckpt,['/opt/workspace/explorer-env/dataset/ag_data/data/world_model/quentinll/lewm-tworooms/ckpt/tworoom_lewm_noise_0to002_p1_seed3074'],97.333333,97.666667,0.527574942818781,0.35296015314397716,0.8852458596229553,true,ok,true,3,100,5,8,normalized,0.01,1.0890378952026367,0.8793199062347412,2.1652626991271973,1.8963180780410767,18963.180780410767,216.52626991271973,finite-difference local Gaussian sensitivity proxy; not a global robustness certificate
TwoRoom,3074,onset,0.02,tworoom_lewm_noise_0to002_p1_seed3074,/opt/workspace/explorer-env/dataset/ag_data/data/world_model/quentinll/lewm-tworooms/ckpt/tworoom_lewm_noise_0to002_p1_seed3074,/opt/workspace/explorer-env/dataset/ag_data/data/world_model/quentinll/lewm-tworooms/ckpt/tworoom_lewm_noise_0to002_p1_seed3074/tworoom_lewm_noise_0to002_p1_seed3074_epoch_10_object.ckpt,['/opt/workspace/explorer-env/dataset/ag_data/data/world_model/quentinll/lewm-tworooms/ckpt/tworoom_lewm_noise_0to002_p1_seed3074'],97.333333,97.666667,0.527574942818781,0.35296015314397716,0.8852458596229553,true,ok,true,3,100,5,8,normalized,0.02,2.1979424953460693,1.811154842376709,4.439603328704834,7.678831100463867,19197.077751159668,221.9801664352417,finite-difference local Gaussian sensitivity proxy; not a global robustness certificate
TwoRoom,3074,endpoint,0.08,tworoom_lewm_noise_0to008_p1_seed3074,/opt/workspace/explorer-env/dataset/ag_data/data/world_model/quentinll/lewm-tworooms/ckpt/tworoom_lewm_noise_0to008_p1_seed3074,/opt/workspace/explorer-env/dataset/ag_data/data/world_model/quentinll/lewm-tworooms/ckpt/tworoom_lewm_noise_0to008_p1_seed3074/tworoom_lewm_noise_0to008_p1_seed3074_epoch_10_object.ckpt,['/opt/workspace/explorer-env/dataset/ag_data/data/world_model/quentinll/lewm-tworooms/ckpt/tworoom_lewm_noise_0to008_p1_seed3074'],96.333333,96.333333,0.1080286071798046,0.07227370111702168,0.9836065173149109,true,ok,true,3,100,5,8,normalized,0.005,0.14887623488903046,0.11757044494152069,0.27305203676223755,0.04080158472061157,1632.063388824463,54.61040735244751,finite-difference local Gaussian sensitivity proxy; not a global robustness certificate
TwoRoom,3074,endpoint,0.08,tworoom_lewm_noise_0to008_p1_seed3074,/opt/workspace/explorer-env/dataset/ag_data/data/world_model/quentinll/lewm-tworooms/ckpt/tworoom_lewm_noise_0to008_p1_seed3074,/opt/workspace/explorer-env/dataset/ag_data/data/world_model/quentinll/lewm-tworooms/ckpt/tworoom_lewm_noise_0to008_p1_seed3074/tworoom_lewm_noise_0to008_p1_seed3074_epoch_10_object.ckpt,['/opt/workspace/explorer-env/dataset/ag_data/data/world_model/quentinll/lewm-tworooms/ckpt/tworoom_lewm_noise_0to008_p1_seed3074'],96.333333,96.333333,0.1080286071798046,0.07227370111702168,0.9836065173149109,true,ok,true,3,100,5,8,normalized,0.01,0.26391273736953735,0.20995303988456726,0.4938197433948517,0.12460389733314514,1246.0389733314514,49.38197433948517,finite-difference local Gaussian sensitivity proxy; not a global robustness certificate
TwoRoom,3074,endpoint,0.08,tworoom_lewm_noise_0to008_p1_seed3074,/opt/workspace/explorer-env/dataset/ag_data/data/world_model/quentinll/lewm-tworooms/ckpt/tworoom_lewm_noise_0to008_p1_seed3074,/opt/workspace/explorer-env/dataset/ag_data/data/world_model/quentinll/lewm-tworooms/ckpt/tworoom_lewm_noise_0to008_p1_seed3074/tworoom_lewm_noise_0to008_p1_seed3074_epoch_10_object.ckpt,['/opt/workspace/explorer-env/dataset/ag_data/data/world_model/quentinll/lewm-tworooms/ckpt/tworoom_lewm_noise_0to008_p1_seed3074'],96.333333,96.333333,0.1080286071798046,0.07227370111702168,0.9836065173149109,true,ok,true,3,100,5,8,normalized,0.02,0.5135388374328613,0.4051971435546875,0.9237334728240967,0.4794149696826935,1198.5374242067337,46.186673641204834,finite-difference local Gaussian sensitivity proxy; not a global robustness certificate
PushT,3072,base,0.00,pusht_lewm_20260430,/opt/workspace/explorer-env/dataset/ag_data/data/world_model/quentinll/lewm-pusht/ckpt/pusht_lewm_20260430,/opt/workspace/explorer-env/dataset/ag_data/data/world_model/quentinll/lewm-pusht/ckpt/pusht_lewm_20260430/pusht_lewm_20260430_epoch_10_object.ckpt,['/opt/workspace/explorer-env/dataset/ag_data/data/world_model/quentinll/lewm-pusht/ckpt/pusht_lewm_20260430'],86.33333333333333,4.333333333333333,3.4252009231417477,1.0,0.4285714328289032,false,ok,true,3,100,5,8,normalized,0.005,1.820285439491272,1.1702823638916016,3.7182700634002686,6.908407688140869,276336.30752563477,743.6540126800537,finite-difference local Gaussian sensitivity proxy; not a global robustness certificate
PushT,3072,base,0.00,pusht_lewm_20260430,/opt/workspace/explorer-env/dataset/ag_data/data/world_model/quentinll/lewm-pusht/ckpt/pusht_lewm_20260430,/opt/workspace/explorer-env/dataset/ag_data/data/world_model/quentinll/lewm-pusht/ckpt/pusht_lewm_20260430/pusht_lewm_20260430_epoch_10_object.ckpt,['/opt/workspace/explorer-env/dataset/ag_data/data/world_model/quentinll/lewm-pusht/ckpt/pusht_lewm_20260430'],86.33333333333333,4.333333333333333,3.4252009231417477,1.0,0.4285714328289032,false,ok,true,3,100,5,8,normalized,0.01,3.770141124725342,2.556553840637207,7.62217903137207,26.866111755371094,268661.11755371094,762.217903137207,finite-difference local Gaussian sensitivity proxy; not a global robustness certificate
PushT,3072,base,0.00,pusht_lewm_20260430,/opt/workspace/explorer-env/dataset/ag_data/data/world_model/quentinll/lewm-pusht/ckpt/pusht_lewm_20260430,/opt/workspace/explorer-env/dataset/ag_data/data/world_model/quentinll/lewm-pusht/ckpt/pusht_lewm_20260430/pusht_lewm_20260430_epoch_10_object.ckpt,['/opt/workspace/explorer-env/dataset/ag_data/data/world_model/quentinll/lewm-pusht/ckpt/pusht_lewm_20260430'],86.33333333333333,4.333333333333333,3.4252009231417477,1.0,0.4285714328289032,false,ok,true,3,100,5,8,normalized,0.02,8.832523345947266,6.608724117279053,16.855426788330078,124.02845764160156,310071.1441040039,842.7713394165039,finite-difference local Gaussian sensitivity proxy; not a global robustness certificate
PushT,3072,onset,0.02,pusht_lewm_noise_0to002_p1,/opt/workspace/explorer-env/dataset/ag_data/data/world_model/quentinll/lewm-pusht/ckpt/pusht_lewm_noise_0to002_p1,/opt/workspace/explorer-env/dataset/ag_data/data/world_model/quentinll/lewm-pusht/ckpt/pusht_lewm_noise_0to002_p1/pusht_lewm_noise_0to002_p1_epoch_10_object.ckpt,['/opt/workspace/explorer-env/dataset/ag_data/data/world_model/quentinll/lewm-pusht/ckpt/pusht_lewm_noise_0to002_p1'],88.33333333333333,73.66666666666667,1.078168166445085,0.31477515936675066,0.9693877100944519,true,ok,true,3,100,5,8,normalized,0.005,0.3449229300022125,0.2748907208442688,0.6060973405838013,0.17575645446777344,7030.2581787109375,121.21946811676025,finite-difference local Gaussian sensitivity proxy; not a global robustness certificate
PushT,3072,onset,0.02,pusht_lewm_noise_0to002_p1,/opt/workspace/explorer-env/dataset/ag_data/data/world_model/quentinll/lewm-pusht/ckpt/pusht_lewm_noise_0to002_p1,/opt/workspace/explorer-env/dataset/ag_data/data/world_model/quentinll/lewm-pusht/ckpt/pusht_lewm_noise_0to002_p1/pusht_lewm_noise_0to002_p1_epoch_10_object.ckpt,['/opt/workspace/explorer-env/dataset/ag_data/data/world_model/quentinll/lewm-pusht/ckpt/pusht_lewm_noise_0to002_p1'],88.33333333333333,73.66666666666667,1.078168166445085,0.31477515936675066,0.9693877100944519,true,ok,true,3,100,5,8,normalized,0.01,0.6969023942947388,0.5507609844207764,1.2696179151535034,0.7391960620880127,7391.960620880127,126.96179151535034,finite-difference local Gaussian sensitivity proxy; not a global robustness certificate
PushT,3072,onset,0.02,pusht_lewm_noise_0to002_p1,/opt/workspace/explorer-env/dataset/ag_data/data/world_model/quentinll/lewm-pusht/ckpt/pusht_lewm_noise_0to002_p1,/opt/workspace/explorer-env/dataset/ag_data/data/world_model/quentinll/lewm-pusht/ckpt/pusht_lewm_noise_0to002_p1/pusht_lewm_noise_0to002_p1_epoch_10_object.ckpt,['/opt/workspace/explorer-env/dataset/ag_data/data/world_model/quentinll/lewm-pusht/ckpt/pusht_lewm_noise_0to002_p1'],88.33333333333333,73.66666666666667,1.078168166445085,0.31477515936675066,0.9693877100944519,true,ok,true,3,100,5,8,normalized,0.02,1.492045521736145,1.1805399656295776,2.7439041137695312,3.5013794898986816,8753.448724746704,137.19520568847656,finite-difference local Gaussian sensitivity proxy; not a global robustness certificate
PushT,3072,endpoint,0.08,pusht_lewm_noise_0to008_p1,/opt/workspace/explorer-env/dataset/ag_data/data/world_model/quentinll/lewm-pusht/ckpt/pusht_lewm_noise_0to008_p1,/opt/workspace/explorer-env/dataset/ag_data/data/world_model/quentinll/lewm-pusht/ckpt/pusht_lewm_noise_0to008_p1/pusht_lewm_noise_0to008_p1_epoch_10_object.ckpt,['/opt/workspace/explorer-env/dataset/ag_data/data/world_model/quentinll/lewm-pusht/ckpt/pusht_lewm_noise_0to008_p1'],88.33333333333333,89.0,0.22418129709450388,0.06545055374120207,1.0,true,ok,true,3,100,5,8,normalized,0.005,0.1639847308397293,0.12889912724494934,0.2831694185733795,0.044516414403915405,1780.6565761566162,56.6338837146759,finite-difference local Gaussian sensitivity proxy; not a global robustness certificate
PushT,3072,endpoint,0.08,pusht_lewm_noise_0to008_p1,/opt/workspace/explorer-env/dataset/ag_data/data/world_model/quentinll/lewm-pusht/ckpt/pusht_lewm_noise_0to008_p1,/opt/workspace/explorer-env/dataset/ag_data/data/world_model/quentinll/lewm-pusht/ckpt/pusht_lewm_noise_0to008_p1/pusht_lewm_noise_0to008_p1_epoch_10_object.ckpt,['/opt/workspace/explorer-env/dataset/ag_data/data/world_model/quentinll/lewm-pusht/ckpt/pusht_lewm_noise_0to008_p1'],88.33333333333333,89.0,0.22418129709450388,0.06545055374120207,1.0,true,ok,true,3,100,5,8,normalized,0.01,0.321203351020813,0.25286561250686646,0.575343668460846,0.17245380580425262,1724.5380580425262,57.534366846084595,finite-difference local Gaussian sensitivity proxy; not a global robustness certificate
PushT,3072,endpoint,0.08,pusht_lewm_noise_0to008_p1,/opt/workspace/explorer-env/dataset/ag_data/data/world_model/quentinll/lewm-pusht/ckpt/pusht_lewm_noise_0to008_p1,/opt/workspace/explorer-env/dataset/ag_data/data/world_model/quentinll/lewm-pusht/ckpt/pusht_lewm_noise_0to008_p1/pusht_lewm_noise_0to008_p1_epoch_10_object.ckpt,['/opt/workspace/explorer-env/dataset/ag_data/data/world_model/quentinll/lewm-pusht/ckpt/pusht_lewm_noise_0to008_p1'],88.33333333333333,89.0,0.22418129709450388,0.06545055374120207,1.0,true,ok,true,3,100,5,8,normalized,0.02,0.6373987197875977,0.5121657848358154,1.197293996810913,0.6604677438735962,1651.1693596839905,59.864699840545654,finite-difference local Gaussian sensitivity proxy; not a global robustness certificate
PushT,3073,base,0.00,pusht_lewm_baseline_seed3073,/opt/workspace/explorer-env/dataset/ag_data/data/world_model/quentinll/lewm-pusht/ckpt/pusht_lewm_baseline_seed3073,/opt/workspace/explorer-env/dataset/ag_data/data/world_model/quentinll/lewm-pusht/ckpt/pusht_lewm_baseline_seed3073/pusht_lewm_baseline_seed3073_epoch_10_object.ckpt,['/opt/workspace/explorer-env/dataset/ag_data/data/world_model/quentinll/lewm-pusht/ckpt/pusht_lewm_baseline_seed3073'],75.0,2.0,3.9464090489730728,1.0,0.23469386994838715,false,ok,true,3,100,5,8,normalized,0.005,1.442065715789795,1.122206449508667,2.8546700477600098,3.2217423915863037,128869.69566345215,570.934009552002,finite-difference local Gaussian sensitivity proxy; not a global robustness certificate
PushT,3073,base,0.00,pusht_lewm_baseline_seed3073,/opt/workspace/explorer-env/dataset/ag_data/data/world_model/quentinll/lewm-pusht/ckpt/pusht_lewm_baseline_seed3073,/opt/workspace/explorer-env/dataset/ag_data/data/world_model/quentinll/lewm-pusht/ckpt/pusht_lewm_baseline_seed3073/pusht_lewm_baseline_seed3073_epoch_10_object.ckpt,['/opt/workspace/explorer-env/dataset/ag_data/data/world_model/quentinll/lewm-pusht/ckpt/pusht_lewm_baseline_seed3073'],75.0,2.0,3.9464090489730728,1.0,0.23469386994838715,false,ok,true,3,100,5,8,normalized,0.01,3.255699872970581,2.433990001678467,6.337441921234131,16.664533615112305,166645.33615112305,633.7441921234131,finite-difference local Gaussian sensitivity proxy; not a global robustness certificate
PushT,3073,base,0.00,pusht_lewm_baseline_seed3073,/opt/workspace/explorer-env/dataset/ag_data/data/world_model/quentinll/lewm-pusht/ckpt/pusht_lewm_baseline_seed3073,/opt/workspace/explorer-env/dataset/ag_data/data/world_model/quentinll/lewm-pusht/ckpt/pusht_lewm_baseline_seed3073/pusht_lewm_baseline_seed3073_epoch_10_object.ckpt,['/opt/workspace/explorer-env/dataset/ag_data/data/world_model/quentinll/lewm-pusht/ckpt/pusht_lewm_baseline_seed3073'],75.0,2.0,3.9464090489730728,1.0,0.23469386994838715,false,ok,true,3,100,5,8,normalized,0.02,9.398679733276367,7.470786094665527,18.900733947753906,129.82049560546875,324551.2390136719,945.0366973876953,finite-difference local Gaussian sensitivity proxy; not a global robustness certificate
PushT,3073,onset,0.03,pusht_lewm_noise_0to003_p1_seed3073,/opt/workspace/explorer-env/dataset/ag_data/data/world_model/quentinll/lewm-pusht/ckpt/pusht_lewm_noise_0to003_p1_seed3073,/opt/workspace/explorer-env/dataset/ag_data/data/world_model/quentinll/lewm-pusht/ckpt/pusht_lewm_noise_0to003_p1_seed3073/pusht_lewm_noise_0to003_p1_seed3073_epoch_10_object.ckpt,['/opt/workspace/explorer-env/dataset/ag_data/data/world_model/quentinll/lewm-pusht/ckpt/pusht_lewm_noise_0to003_p1_seed3073'],89.666667,80.666667,0.7399988157138043,0.1875119397231175,0.9897959232330322,true,ok,true,3,100,5,8,normalized,0.005,0.2595142722129822,0.21239057183265686,0.4252758026123047,0.1078297346830368,4313.189387321472,85.05516052246094,finite-difference local Gaussian sensitivity proxy; not a global robustness certificate
PushT,3073,onset,0.03,pusht_lewm_noise_0to003_p1_seed3073,/opt/workspace/explorer-env/dataset/ag_data/data/world_model/quentinll/lewm-pusht/ckpt/pusht_lewm_noise_0to003_p1_seed3073,/opt/workspace/explorer-env/dataset/ag_data/data/world_model/quentinll/lewm-pusht/ckpt/pusht_lewm_noise_0to003_p1_seed3073/pusht_lewm_noise_0to003_p1_seed3073_epoch_10_object.ckpt,['/opt/workspace/explorer-env/dataset/ag_data/data/world_model/quentinll/lewm-pusht/ckpt/pusht_lewm_noise_0to003_p1_seed3073'],89.666667,80.666667,0.7399988157138043,0.1875119397231175,0.9897959232330322,true,ok,true,3,100,5,8,normalized,0.01,0.5059231519699097,0.4241272211074829,0.8165884613990784,0.39805811643600464,3980.5811643600464,81.65884613990784,finite-difference local Gaussian sensitivity proxy; not a global robustness certificate
PushT,3073,onset,0.03,pusht_lewm_noise_0to003_p1_seed3073,/opt/workspace/explorer-env/dataset/ag_data/data/world_model/quentinll/lewm-pusht/ckpt/pusht_lewm_noise_0to003_p1_seed3073,/opt/workspace/explorer-env/dataset/ag_data/data/world_model/quentinll/lewm-pusht/ckpt/pusht_lewm_noise_0to003_p1_seed3073/pusht_lewm_noise_0to003_p1_seed3073_epoch_10_object.ckpt,['/opt/workspace/explorer-env/dataset/ag_data/data/world_model/quentinll/lewm-pusht/ckpt/pusht_lewm_noise_0to003_p1_seed3073'],89.666667,80.666667,0.7399988157138043,0.1875119397231175,0.9897959232330322,true,ok,true,3,100,5,8,normalized,0.02,1.0183260440826416,0.853725790977478,1.7105449438095093,1.5539450645446777,3884.8626613616943,85.52724719047546,finite-difference local Gaussian sensitivity proxy; not a global robustness certificate
PushT,3073,endpoint,0.08,pusht_lewm_noise_0to008_p1_seed3073,/opt/workspace/explorer-env/dataset/ag_data/data/world_model/quentinll/lewm-pusht/ckpt/pusht_lewm_noise_0to008_p1_seed3073,/opt/workspace/explorer-env/dataset/ag_data/data/world_model/quentinll/lewm-pusht/ckpt/pusht_lewm_noise_0to008_p1_seed3073/pusht_lewm_noise_0to008_p1_seed3073_epoch_10_object.ckpt,['/opt/workspace/explorer-env/dataset/ag_data/data/world_model/quentinll/lewm-pusht/ckpt/pusht_lewm_noise_0to008_p1_seed3073'],84.666667,81.0,0.2663277454467475,0.06748609739683492,1.0,true,ok,true,3,100,5,8,normalized,0.005,0.15401150286197662,0.11907748878002167,0.2660317122936249,0.042205218225717545,1688.2087290287018,53.206342458724976,finite-difference local Gaussian sensitivity proxy; not a global robustness certificate
PushT,3073,endpoint,0.08,pusht_lewm_noise_0to008_p1_seed3073,/opt/workspace/explorer-env/dataset/ag_data/data/world_model/quentinll/lewm-pusht/ckpt/pusht_lewm_noise_0to008_p1_seed3073,/opt/workspace/explorer-env/dataset/ag_data/data/world_model/quentinll/lewm-pusht/ckpt/pusht_lewm_noise_0to008_p1_seed3073/pusht_lewm_noise_0to008_p1_seed3073_epoch_10_object.ckpt,['/opt/workspace/explorer-env/dataset/ag_data/data/world_model/quentinll/lewm-pusht/ckpt/pusht_lewm_noise_0to008_p1_seed3073'],84.666667,81.0,0.2663277454467475,0.06748609739683492,1.0,true,ok,true,3,100,5,8,normalized,0.01,0.3019508123397827,0.22834882140159607,0.5080646872520447,0.16724765300750732,1672.4765300750732,50.80646872520447,finite-difference local Gaussian sensitivity proxy; not a global robustness certificate
PushT,3073,endpoint,0.08,pusht_lewm_noise_0to008_p1_seed3073,/opt/workspace/explorer-env/dataset/ag_data/data/world_model/quentinll/lewm-pusht/ckpt/pusht_lewm_noise_0to008_p1_seed3073,/opt/workspace/explorer-env/dataset/ag_data/data/world_model/quentinll/lewm-pusht/ckpt/pusht_lewm_noise_0to008_p1_seed3073/pusht_lewm_noise_0to008_p1_seed3073_epoch_10_object.ckpt,['/opt/workspace/explorer-env/dataset/ag_data/data/world_model/quentinll/lewm-pusht/ckpt/pusht_lewm_noise_0to008_p1_seed3073'],84.666667,81.0,0.2663277454467475,0.06748609739683492,1.0,true,ok,true,3,100,5,8,normalized,0.02,0.5984786152839661,0.44238752126693726,1.0156373977661133,0.6494921445846558,1623.7303614616394,50.781869888305664,finite-difference local Gaussian sensitivity proxy; not a global robustness certificate
PushT,3074,base,0.00,pusht_lewm_baseline_seed3074,/opt/workspace/explorer-env/dataset/ag_data/data/world_model/quentinll/lewm-pusht/ckpt/pusht_lewm_baseline_seed3074,/opt/workspace/explorer-env/dataset/ag_data/data/world_model/quentinll/lewm-pusht/ckpt/pusht_lewm_baseline_seed3074/pusht_lewm_baseline_seed3074_epoch_10_object.ckpt,['/opt/workspace/explorer-env/dataset/ag_data/data/world_model/quentinll/lewm-pusht/ckpt/pusht_lewm_baseline_seed3074'],84.0,15.333333,3.368840925923857,1.0,0.6530612111091614,false,ok,true,3,100,5,8,normalized,0.005,1.350091576576233,0.9124116897583008,2.5844919681549072,3.822216033935547,152888.64135742188,516.8983936309814,finite-difference local Gaussian sensitivity proxy; not a global robustness certificate
PushT,3074,base,0.00,pusht_lewm_baseline_seed3074,/opt/workspace/explorer-env/dataset/ag_data/data/world_model/quentinll/lewm-pusht/ckpt/pusht_lewm_baseline_seed3074,/opt/workspace/explorer-env/dataset/ag_data/data/world_model/quentinll/lewm-pusht/ckpt/pusht_lewm_baseline_seed3074/pusht_lewm_baseline_seed3074_epoch_10_object.ckpt,['/opt/workspace/explorer-env/dataset/ag_data/data/world_model/quentinll/lewm-pusht/ckpt/pusht_lewm_baseline_seed3074'],84.0,15.333333,3.368840925923857,1.0,0.6530612111091614,false,ok,true,3,100,5,8,normalized,0.01,2.735833168029785,1.8495008945465088,5.304603576660156,14.811631202697754,148116.31202697754,530.4603576660156,finite-difference local Gaussian sensitivity proxy; not a global robustness certificate
PushT,3074,base,0.00,pusht_lewm_baseline_seed3074,/opt/workspace/explorer-env/dataset/ag_data/data/world_model/quentinll/lewm-pusht/ckpt/pusht_lewm_baseline_seed3074,/opt/workspace/explorer-env/dataset/ag_data/data/world_model/quentinll/lewm-pusht/ckpt/pusht_lewm_baseline_seed3074/pusht_lewm_baseline_seed3074_epoch_10_object.ckpt,['/opt/workspace/explorer-env/dataset/ag_data/data/world_model/quentinll/lewm-pusht/ckpt/pusht_lewm_baseline_seed3074'],84.0,15.333333,3.368840925923857,1.0,0.6530612111091614,false,ok,true,3,100,5,8,normalized,0.02,6.162919998168945,4.505581855773926,11.685811042785645,62.31708908081055,155792.72270202637,584.2905521392822,finite-difference local Gaussian sensitivity proxy; not a global robustness certificate
PushT,3074,onset,0.03,pusht_lewm_noise_0to003_p1_seed3074,/opt/workspace/explorer-env/dataset/ag_data/data/world_model/quentinll/lewm-pusht/ckpt/pusht_lewm_noise_0to003_p1_seed3074,/opt/workspace/explorer-env/dataset/ag_data/data/world_model/quentinll/lewm-pusht/ckpt/pusht_lewm_noise_0to003_p1_seed3074/pusht_lewm_noise_0to003_p1_seed3074_epoch_10_object.ckpt,['/opt/workspace/explorer-env/dataset/ag_data/data/world_model/quentinll/lewm-pusht/ckpt/pusht_lewm_noise_0to003_p1_seed3074'],89.666667,84.666667,0.6350778064999901,0.18851522540377266,1.0,true,ok,true,3,100,5,8,normalized,0.005,0.23857328295707703,0.1866883635520935,0.41133058071136475,0.11045181751251221,4418.072700500488,82.26611614227295,finite-difference local Gaussian sensitivity proxy; not a global robustness certificate
PushT,3074,onset,0.03,pusht_lewm_noise_0to003_p1_seed3074,/opt/workspace/explorer-env/dataset/ag_data/data/world_model/quentinll/lewm-pusht/ckpt/pusht_lewm_noise_0to003_p1_seed3074,/opt/workspace/explorer-env/dataset/ag_data/data/world_model/quentinll/lewm-pusht/ckpt/pusht_lewm_noise_0to003_p1_seed3074/pusht_lewm_noise_0to003_p1_seed3074_epoch_10_object.ckpt,['/opt/workspace/explorer-env/dataset/ag_data/data/world_model/quentinll/lewm-pusht/ckpt/pusht_lewm_noise_0to003_p1_seed3074'],89.666667,84.666667,0.6350778064999901,0.18851522540377266,1.0,true,ok,true,3,100,5,8,normalized,0.01,0.4705979526042938,0.3675540089607239,0.7919848561286926,0.42512771487236023,4251.277148723602,79.19848561286926,finite-difference local Gaussian sensitivity proxy; not a global robustness certificate
PushT,3074,onset,0.03,pusht_lewm_noise_0to003_p1_seed3074,/opt/workspace/explorer-env/dataset/ag_data/data/world_model/quentinll/lewm-pusht/ckpt/pusht_lewm_noise_0to003_p1_seed3074,/opt/workspace/explorer-env/dataset/ag_data/data/world_model/quentinll/lewm-pusht/ckpt/pusht_lewm_noise_0to003_p1_seed3074/pusht_lewm_noise_0to003_p1_seed3074_epoch_10_object.ckpt,['/opt/workspace/explorer-env/dataset/ag_data/data/world_model/quentinll/lewm-pusht/ckpt/pusht_lewm_noise_0to003_p1_seed3074'],89.666667,84.666667,0.6350778064999901,0.18851522540377266,1.0,true,ok,true,3,100,5,8,normalized,0.02,0.9541394710540771,0.7469914555549622,1.6249650716781616,1.7870376110076904,4467.594027519226,81.24825358390808,finite-difference local Gaussian sensitivity proxy; not a global robustness certificate
PushT,3074,endpoint,0.08,pusht_lewm_noise_0to008_p1_seed3074,/opt/workspace/explorer-env/dataset/ag_data/data/world_model/quentinll/lewm-pusht/ckpt/pusht_lewm_noise_0to008_p1_seed3074,/opt/workspace/explorer-env/dataset/ag_data/data/world_model/quentinll/lewm-pusht/ckpt/pusht_lewm_noise_0to008_p1_seed3074/pusht_lewm_noise_0to008_p1_seed3074_epoch_10_object.ckpt,['/opt/workspace/explorer-env/dataset/ag_data/data/world_model/quentinll/lewm-pusht/ckpt/pusht_lewm_noise_0to008_p1_seed3074'],87.666667,87.333333,0.24924560008746618,0.0739855652338687,1.0,true,ok,true,3,100,5,8,normalized,0.005,0.149717316031456,0.11002075672149658,0.2608509957790375,0.04216398298740387,1686.5593194961548,52.170199155807495,finite-difference local Gaussian sensitivity proxy; not a global robustness certificate
PushT,3074,endpoint,0.08,pusht_lewm_noise_0to008_p1_seed3074,/opt/workspace/explorer-env/dataset/ag_data/data/world_model/quentinll/lewm-pusht/ckpt/pusht_lewm_noise_0to008_p1_seed3074,/opt/workspace/explorer-env/dataset/ag_data/data/world_model/quentinll/lewm-pusht/ckpt/pusht_lewm_noise_0to008_p1_seed3074/pusht_lewm_noise_0to008_p1_seed3074_epoch_10_object.ckpt,['/opt/workspace/explorer-env/dataset/ag_data/data/world_model/quentinll/lewm-pusht/ckpt/pusht_lewm_noise_0to008_p1_seed3074'],87.666667,87.333333,0.24924560008746618,0.0739855652338687,1.0,true,ok,true,3,100,5,8,normalized,0.01,0.2841224670410156,0.20989376306533813,0.5141884088516235,0.15240374207496643,1524.0374207496643,51.41884088516235,finite-difference local Gaussian sensitivity proxy; not a global robustness certificate
PushT,3074,endpoint,0.08,pusht_lewm_noise_0to008_p1_seed3074,/opt/workspace/explorer-env/dataset/ag_data/data/world_model/quentinll/lewm-pusht/ckpt/pusht_lewm_noise_0to008_p1_seed3074,/opt/workspace/explorer-env/dataset/ag_data/data/world_model/quentinll/lewm-pusht/ckpt/pusht_lewm_noise_0to008_p1_seed3074/pusht_lewm_noise_0to008_p1_seed3074_epoch_10_object.ckpt,['/opt/workspace/explorer-env/dataset/ag_data/data/world_model/quentinll/lewm-pusht/ckpt/pusht_lewm_noise_0to008_p1_seed3074'],87.666667,87.333333,0.24924560008746618,0.0739855652338687,1.0,true,ok,true,3,100,5,8,normalized,0.02,0.5652078986167908,0.4209071695804596,1.0135776996612549,0.6092543005943298,1523.1357514858246,50.678884983062744,finite-difference local Gaussian sensitivity proxy; not a global robustness certificate
Reacher,3072,base,0.00,reacher_lewm_20260430,/opt/workspace/explorer-env/dataset/ag_data/data/world_model/quentinll/lewm-reacher/ckpt/reacher_lewm_20260430,/opt/workspace/explorer-env/dataset/ag_data/data/world_model/quentinll/lewm-reacher/ckpt/reacher_lewm_20260430/reacher_lewm_20260430_epoch_10_object.ckpt,['/opt/workspace/explorer-env/dataset/ag_data/data/world_model/quentinll/lewm-reacher/ckpt/reacher_lewm_20260430'],58.666666666666664,18.333333333333332,2.612153470267934,1.0,0.7699999809265137,false,ok,true,3,100,5,8,normalized,0.005,0.9277430176734924,0.8069842457771301,1.558056354522705,1.1152666807174683,44610.66722869873,311.611270904541,finite-difference local Gaussian sensitivity proxy; not a global robustness certificate
Reacher,3072,base,0.00,reacher_lewm_20260430,/opt/workspace/explorer-env/dataset/ag_data/data/world_model/quentinll/lewm-reacher/ckpt/reacher_lewm_20260430,/opt/workspace/explorer-env/dataset/ag_data/data/world_model/quentinll/lewm-reacher/ckpt/reacher_lewm_20260430/reacher_lewm_20260430_epoch_10_object.ckpt,['/opt/workspace/explorer-env/dataset/ag_data/data/world_model/quentinll/lewm-reacher/ckpt/reacher_lewm_20260430'],58.666666666666664,18.333333333333332,2.612153470267934,1.0,0.7699999809265137,false,ok,true,3,100,5,8,normalized,0.01,2.7481539249420166,2.4093267917633057,4.624322414398193,9.502151489257812,95021.51489257812,462.43224143981934,finite-difference local Gaussian sensitivity proxy; not a global robustness certificate
Reacher,3072,base,0.00,reacher_lewm_20260430,/opt/workspace/explorer-env/dataset/ag_data/data/world_model/quentinll/lewm-reacher/ckpt/reacher_lewm_20260430,/opt/workspace/explorer-env/dataset/ag_data/data/world_model/quentinll/lewm-reacher/ckpt/reacher_lewm_20260430/reacher_lewm_20260430_epoch_10_object.ckpt,['/opt/workspace/explorer-env/dataset/ag_data/data/world_model/quentinll/lewm-reacher/ckpt/reacher_lewm_20260430'],58.666666666666664,18.333333333333332,2.612153470267934,1.0,0.7699999809265137,false,ok,true,3,100,5,8,normalized,0.02,10.949494361877441,9.05196762084961,19.459218978881836,165.5738983154297,413934.7457885742,972.9609489440918,finite-difference local Gaussian sensitivity proxy; not a global robustness certificate
Reacher,3072,onset,0.02,reacher_lewm_noise_0to002_p1,/opt/workspace/explorer-env/dataset/ag_data/data/world_model/quentinll/lewm-reacher/ckpt/reacher_lewm_noise_0to002_p1,/opt/workspace/explorer-env/dataset/ag_data/data/world_model/quentinll/lewm-reacher/ckpt/reacher_lewm_noise_0to002_p1/reacher_lewm_noise_0to002_p1_epoch_10_object.ckpt,['/opt/workspace/explorer-env/dataset/ag_data/data/world_model/quentinll/lewm-reacher/ckpt/reacher_lewm_noise_0to002_p1'],85.66666666666667,83.66666666666667,0.06478999624693388,0.024803288545021143,1.0,true,ok,true,3,100,5,8,normalized,0.005,0.03838520124554634,0.03366285189986229,0.06958340108394623,0.0020628238562494516,82.51295424997807,13.916680216789246,finite-difference local Gaussian sensitivity proxy; not a global robustness certificate
Reacher,3072,onset,0.02,reacher_lewm_noise_0to002_p1,/opt/workspace/explorer-env/dataset/ag_data/data/world_model/quentinll/lewm-reacher/ckpt/reacher_lewm_noise_0to002_p1,/opt/workspace/explorer-env/dataset/ag_data/data/world_model/quentinll/lewm-reacher/ckpt/reacher_lewm_noise_0to002_p1/reacher_lewm_noise_0to002_p1_epoch_10_object.ckpt,['/opt/workspace/explorer-env/dataset/ag_data/data/world_model/quentinll/lewm-reacher/ckpt/reacher_lewm_noise_0to002_p1'],85.66666666666667,83.66666666666667,0.06478999624693388,0.024803288545021143,1.0,true,ok,true,3,100,5,8,normalized,0.01,0.07461006939411163,0.06452639400959015,0.13393592834472656,0.007856675423681736,78.56675423681736,13.393592834472656,finite-difference local Gaussian sensitivity proxy; not a global robustness certificate
Reacher,3072,onset,0.02,reacher_lewm_noise_0to002_p1,/opt/workspace/explorer-env/dataset/ag_data/data/world_model/quentinll/lewm-reacher/ckpt/reacher_lewm_noise_0to002_p1,/opt/workspace/explorer-env/dataset/ag_data/data/world_model/quentinll/lewm-reacher/ckpt/reacher_lewm_noise_0to002_p1/reacher_lewm_noise_0to002_p1_epoch_10_object.ckpt,['/opt/workspace/explorer-env/dataset/ag_data/data/world_model/quentinll/lewm-reacher/ckpt/reacher_lewm_noise_0to002_p1'],85.66666666666667,83.66666666666667,0.06478999624693388,0.024803288545021143,1.0,true,ok,true,3,100,5,8,normalized,0.02,0.14854474365711212,0.13062816858291626,0.2658355236053467,0.031342267990112305,78.35566997528076,13.291776180267334,finite-difference local Gaussian sensitivity proxy; not a global robustness certificate
Reacher,3072,endpoint,0.08,reacher_lewm_noise_0to008_p1,/opt/workspace/explorer-env/dataset/ag_data/data/world_model/quentinll/lewm-reacher/ckpt/reacher_lewm_noise_0to008_p1,/opt/workspace/explorer-env/dataset/ag_data/data/world_model/quentinll/lewm-reacher/ckpt/reacher_lewm_noise_0to008_p1/reacher_lewm_noise_0to008_p1_epoch_10_object.ckpt,['/opt/workspace/explorer-env/dataset/ag_data/data/world_model/quentinll/lewm-reacher/ckpt/reacher_lewm_noise_0to008_p1'],84.0,82.0,0.08880907729496679,0.03399841483504316,1.0,true,ok,true,3,100,5,8,normalized,0.005,0.055430587381124496,0.04926791787147522,0.09430068731307983,0.003934225533157587,157.36902132630348,18.860137462615967,finite-difference local Gaussian sensitivity proxy; not a global robustness certificate
Reacher,3072,endpoint,0.08,reacher_lewm_noise_0to008_p1,/opt/workspace/explorer-env/dataset/ag_data/data/world_model/quentinll/lewm-reacher/ckpt/reacher_lewm_noise_0to008_p1,/opt/workspace/explorer-env/dataset/ag_data/data/world_model/quentinll/lewm-reacher/ckpt/reacher_lewm_noise_0to008_p1/reacher_lewm_noise_0to008_p1_epoch_10_object.ckpt,['/opt/workspace/explorer-env/dataset/ag_data/data/world_model/quentinll/lewm-reacher/ckpt/reacher_lewm_noise_0to008_p1'],84.0,82.0,0.08880907729496679,0.03399841483504316,1.0,true,ok,true,3,100,5,8,normalized,0.01,0.10903627425432205,0.09441088140010834,0.19024761021137238,0.015420562587678432,154.20562587678432,19.024761021137238,finite-difference local Gaussian sensitivity proxy; not a global robustness certificate
Reacher,3072,endpoint,0.08,reacher_lewm_noise_0to008_p1,/opt/workspace/explorer-env/dataset/ag_data/data/world_model/quentinll/lewm-reacher/ckpt/reacher_lewm_noise_0to008_p1,/opt/workspace/explorer-env/dataset/ag_data/data/world_model/quentinll/lewm-reacher/ckpt/reacher_lewm_noise_0to008_p1/reacher_lewm_noise_0to008_p1_epoch_10_object.ckpt,['/opt/workspace/explorer-env/dataset/ag_data/data/world_model/quentinll/lewm-reacher/ckpt/reacher_lewm_noise_0to008_p1'],84.0,82.0,0.08880907729496679,0.03399841483504316,1.0,true,ok,true,3,100,5,8,normalized,0.02,0.2182038277387619,0.1895555555820465,0.3801708221435547,0.0616917684674263,154.22942116856575,19.008541107177734,finite-difference local Gaussian sensitivity proxy; not a global robustness certificate
Reacher,3073,base,0.00,reacher_lewm_baseline_seed3073,/opt/workspace/explorer-env/dataset/ag_data/data/world_model/quentinll/lewm-reacher/ckpt/reacher_lewm_baseline_seed3073,/opt/workspace/explorer-env/dataset/ag_data/data/world_model/quentinll/lewm-reacher/ckpt/reacher_lewm_baseline_seed3073/reacher_lewm_baseline_seed3073_epoch_10_object.ckpt,['/opt/workspace/explorer-env/dataset/ag_data/data/world_model/quentinll/lewm-reacher/ckpt/reacher_lewm_baseline_seed3073'],60.666667,17.666667,2.693261122041363,1.0,0.699999988079071,false,ok,true,3,100,5,8,normalized,0.005,1.006603479385376,0.9254076480865479,1.6658424139022827,1.2547427415847778,50189.70966339111,333.16848278045654,finite-difference local Gaussian sensitivity proxy; not a global robustness certificate
Reacher,3073,base,0.00,reacher_lewm_baseline_seed3073,/opt/workspace/explorer-env/dataset/ag_data/data/world_model/quentinll/lewm-reacher/ckpt/reacher_lewm_baseline_seed3073,/opt/workspace/explorer-env/dataset/ag_data/data/world_model/quentinll/lewm-reacher/ckpt/reacher_lewm_baseline_seed3073/reacher_lewm_baseline_seed3073_epoch_10_object.ckpt,['/opt/workspace/explorer-env/dataset/ag_data/data/world_model/quentinll/lewm-reacher/ckpt/reacher_lewm_baseline_seed3073'],60.666667,17.666667,2.693261122041363,1.0,0.699999988079071,false,ok,true,3,100,5,8,normalized,0.01,3.0025429725646973,2.7349932193756104,4.88916540145874,10.864522933959961,108645.22933959961,488.916540145874,finite-difference local Gaussian sensitivity proxy; not a global robustness certificate
Reacher,3073,base,0.00,reacher_lewm_baseline_seed3073,/opt/workspace/explorer-env/dataset/ag_data/data/world_model/quentinll/lewm-reacher/ckpt/reacher_lewm_baseline_seed3073,/opt/workspace/explorer-env/dataset/ag_data/data/world_model/quentinll/lewm-reacher/ckpt/reacher_lewm_baseline_seed3073/reacher_lewm_baseline_seed3073_epoch_10_object.ckpt,['/opt/workspace/explorer-env/dataset/ag_data/data/world_model/quentinll/lewm-reacher/ckpt/reacher_lewm_baseline_seed3073'],60.666667,17.666667,2.693261122041363,1.0,0.699999988079071,false,ok,true,3,100,5,8,normalized,0.02,11.248597145080566,10.005504608154297,18.748863220214844,161.9730682373047,404932.6705932617,937.4431610107422,finite-difference local Gaussian sensitivity proxy; not a global robustness certificate
Reacher,3073,onset,0.03,reacher_lewm_noise_0to003_p1_seed3073,/opt/workspace/explorer-env/dataset/ag_data/data/world_model/quentinll/lewm-reacher/ckpt/reacher_lewm_noise_0to003_p1_seed3073,/opt/workspace/explorer-env/dataset/ag_data/data/world_model/quentinll/lewm-reacher/ckpt/reacher_lewm_noise_0to003_p1_seed3073/reacher_lewm_noise_0to003_p1_seed3073_epoch_10_object.ckpt,['/opt/workspace/explorer-env/dataset/ag_data/data/world_model/quentinll/lewm-reacher/ckpt/reacher_lewm_noise_0to003_p1_seed3073'],76.0,71.0,0.23340795508553996,0.08666369301340819,1.0,true,ok,true,3,100,5,8,normalized,0.005,0.09466491639614105,0.08621535450220108,0.16141146421432495,0.011295119300484657,451.8047720193863,32.28229284286499,finite-difference local Gaussian sensitivity proxy; not a global robustness certificate
Reacher,3073,onset,0.03,reacher_lewm_noise_0to003_p1_seed3073,/opt/workspace/explorer-env/dataset/ag_data/data/world_model/quentinll/lewm-reacher/ckpt/reacher_lewm_noise_0to003_p1_seed3073,/opt/workspace/explorer-env/dataset/ag_data/data/world_model/quentinll/lewm-reacher/ckpt/reacher_lewm_noise_0to003_p1_seed3073/reacher_lewm_noise_0to003_p1_seed3073_epoch_10_object.ckpt,['/opt/workspace/explorer-env/dataset/ag_data/data/world_model/quentinll/lewm-reacher/ckpt/reacher_lewm_noise_0to003_p1_seed3073'],76.0,71.0,0.23340795508553996,0.08666369301340819,1.0,true,ok,true,3,100,5,8,normalized,0.01,0.18778729438781738,0.17339365184307098,0.3171681761741638,0.04461219161748886,446.1219161748886,31.716817617416382,finite-difference local Gaussian sensitivity proxy; not a global robustness certificate
Reacher,3073,onset,0.03,reacher_lewm_noise_0to003_p1_seed3073,/opt/workspace/explorer-env/dataset/ag_data/data/world_model/quentinll/lewm-reacher/ckpt/reacher_lewm_noise_0to003_p1_seed3073,/opt/workspace/explorer-env/dataset/ag_data/data/world_model/quentinll/lewm-reacher/ckpt/reacher_lewm_noise_0to003_p1_seed3073/reacher_lewm_noise_0to003_p1_seed3073_epoch_10_object.ckpt,['/opt/workspace/explorer-env/dataset/ag_data/data/world_model/quentinll/lewm-reacher/ckpt/reacher_lewm_noise_0to003_p1_seed3073'],76.0,71.0,0.23340795508553996,0.08666369301340819,1.0,true,ok,true,3,100,5,8,normalized,0.02,0.37932249903678894,0.35235029458999634,0.650259256362915,0.18287156522274017,457.17891305685043,32.51296281814575,finite-difference local Gaussian sensitivity proxy; not a global robustness certificate
Reacher,3073,endpoint,0.08,reacher_lewm_noise_0to008_p1_seed3073,/opt/workspace/explorer-env/dataset/ag_data/data/world_model/quentinll/lewm-reacher/ckpt/reacher_lewm_noise_0to008_p1_seed3073,/opt/workspace/explorer-env/dataset/ag_data/data/world_model/quentinll/lewm-reacher/ckpt/reacher_lewm_noise_0to008_p1_seed3073/reacher_lewm_noise_0to008_p1_seed3073_epoch_10_object.ckpt,['/opt/workspace/explorer-env/dataset/ag_data/data/world_model/quentinll/lewm-reacher/ckpt/reacher_lewm_noise_0to008_p1_seed3073'],81.666667,82.333333,0.07983325670074502,0.029641855387655555,0.9899999499320984,true,ok,true,3,100,5,8,normalized,0.005,0.056065045297145844,0.050639621913433075,0.09524808079004288,0.004107272252440453,164.2908900976181,19.049616158008575,finite-difference local Gaussian sensitivity proxy; not a global robustness certificate
Reacher,3073,endpoint,0.08,reacher_lewm_noise_0to008_p1_seed3073,/opt/workspace/explorer-env/dataset/ag_data/data/world_model/quentinll/lewm-reacher/ckpt/reacher_lewm_noise_0to008_p1_seed3073,/opt/workspace/explorer-env/dataset/ag_data/data/world_model/quentinll/lewm-reacher/ckpt/reacher_lewm_noise_0to008_p1_seed3073/reacher_lewm_noise_0to008_p1_seed3073_epoch_10_object.ckpt,['/opt/workspace/explorer-env/dataset/ag_data/data/world_model/quentinll/lewm-reacher/ckpt/reacher_lewm_noise_0to008_p1_seed3073'],81.666667,82.333333,0.07983325670074502,0.029641855387655555,0.9899999499320984,true,ok,true,3,100,5,8,normalized,0.01,0.1104435995221138,0.09995920956134796,0.19034603238105774,0.016001461073756218,160.01461073756218,19.034603238105774,finite-difference local Gaussian sensitivity proxy; not a global robustness certificate
Reacher,3073,endpoint,0.08,reacher_lewm_noise_0to008_p1_seed3073,/opt/workspace/explorer-env/dataset/ag_data/data/world_model/quentinll/lewm-reacher/ckpt/reacher_lewm_noise_0to008_p1_seed3073,/opt/workspace/explorer-env/dataset/ag_data/data/world_model/quentinll/lewm-reacher/ckpt/reacher_lewm_noise_0to008_p1_seed3073/reacher_lewm_noise_0to008_p1_seed3073_epoch_10_object.ckpt,['/opt/workspace/explorer-env/dataset/ag_data/data/world_model/quentinll/lewm-reacher/ckpt/reacher_lewm_noise_0to008_p1_seed3073'],81.666667,82.333333,0.07983325670074502,0.029641855387655555,0.9899999499320984,true,ok,true,3,100,5,8,normalized,0.02,0.2218470424413681,0.20197834074497223,0.3840300440788269,0.06452389061450958,161.30972653627396,19.201502203941345,finite-difference local Gaussian sensitivity proxy; not a global robustness certificate
Reacher,3074,base,0.00,reacher_lewm_baseline_seed3074,/opt/workspace/explorer-env/dataset/ag_data/data/world_model/quentinll/lewm-reacher/ckpt/reacher_lewm_baseline_seed3074,/opt/workspace/explorer-env/dataset/ag_data/data/world_model/quentinll/lewm-reacher/ckpt/reacher_lewm_baseline_seed3074/reacher_lewm_baseline_seed3074_epoch_10_object.ckpt,['/opt/workspace/explorer-env/dataset/ag_data/data/world_model/quentinll/lewm-reacher/ckpt/reacher_lewm_baseline_seed3074'],58.333333,18.666667,2.5791641540531067,1.0,0.7299999594688416,false,ok,true,3,100,5,8,normalized,0.005,0.8096915483474731,0.7261204719543457,1.426997184753418,0.8412936329841614,33651.745319366455,285.3994369506836,finite-difference local Gaussian sensitivity proxy; not a global robustness certificate
Reacher,3074,base,0.00,reacher_lewm_baseline_seed3074,/opt/workspace/explorer-env/dataset/ag_data/data/world_model/quentinll/lewm-reacher/ckpt/reacher_lewm_baseline_seed3074,/opt/workspace/explorer-env/dataset/ag_data/data/world_model/quentinll/lewm-reacher/ckpt/reacher_lewm_baseline_seed3074/reacher_lewm_baseline_seed3074_epoch_10_object.ckpt,['/opt/workspace/explorer-env/dataset/ag_data/data/world_model/quentinll/lewm-reacher/ckpt/reacher_lewm_baseline_seed3074'],58.333333,18.666667,2.5791641540531067,1.0,0.7299999594688416,false,ok,true,3,100,5,8,normalized,0.01,2.3007583618164062,2.052884101867676,3.936138153076172,6.582159996032715,65821.59996032715,393.6138153076172,finite-difference local Gaussian sensitivity proxy; not a global robustness certificate
Reacher,3074,base,0.00,reacher_lewm_baseline_seed3074,/opt/workspace/explorer-env/dataset/ag_data/data/world_model/quentinll/lewm-reacher/ckpt/reacher_lewm_baseline_seed3074,/opt/workspace/explorer-env/dataset/ag_data/data/world_model/quentinll/lewm-reacher/ckpt/reacher_lewm_baseline_seed3074/reacher_lewm_baseline_seed3074_epoch_10_object.ckpt,['/opt/workspace/explorer-env/dataset/ag_data/data/world_model/quentinll/lewm-reacher/ckpt/reacher_lewm_baseline_seed3074'],58.333333,18.666667,2.5791641540531067,1.0,0.7299999594688416,false,ok,true,3,100,5,8,normalized,0.02,8.27783489227295,7.563383102416992,13.995667457580566,84.66334533691406,211658.36334228516,699.7833728790283,finite-difference local Gaussian sensitivity proxy; not a global robustness certificate
Reacher,3074,onset,0.03,reacher_lewm_noise_0to003_p1_seed3074,/opt/workspace/explorer-env/dataset/ag_data/data/world_model/quentinll/lewm-reacher/ckpt/reacher_lewm_noise_0to003_p1_seed3074,/opt/workspace/explorer-env/dataset/ag_data/data/world_model/quentinll/lewm-reacher/ckpt/reacher_lewm_noise_0to003_p1_seed3074/reacher_lewm_noise_0to003_p1_seed3074_epoch_10_object.ckpt,['/opt/workspace/explorer-env/dataset/ag_data/data/world_model/quentinll/lewm-reacher/ckpt/reacher_lewm_noise_0to003_p1_seed3074'],80.0,80.666667,0.28342804287613466,0.10989143224200482,0.9799999594688416,true,ok,true,3,100,5,8,normalized,0.005,0.09409643709659576,0.0860232561826706,0.1603977382183075,0.011254909448325634,450.19637793302536,32.0795476436615,finite-difference local Gaussian sensitivity proxy; not a global robustness certificate
Reacher,3074,onset,0.03,reacher_lewm_noise_0to003_p1_seed3074,/opt/workspace/explorer-env/dataset/ag_data/data/world_model/quentinll/lewm-reacher/ckpt/reacher_lewm_noise_0to003_p1_seed3074,/opt/workspace/explorer-env/dataset/ag_data/data/world_model/quentinll/lewm-reacher/ckpt/reacher_lewm_noise_0to003_p1_seed3074/reacher_lewm_noise_0to003_p1_seed3074_epoch_10_object.ckpt,['/opt/workspace/explorer-env/dataset/ag_data/data/world_model/quentinll/lewm-reacher/ckpt/reacher_lewm_noise_0to003_p1_seed3074'],80.0,80.666667,0.28342804287613466,0.10989143224200482,0.9799999594688416,true,ok,true,3,100,5,8,normalized,0.01,0.1875154972076416,0.16966915130615234,0.3189568519592285,0.044783324003219604,447.83324003219604,31.89568519592285,finite-difference local Gaussian sensitivity proxy; not a global robustness certificate
Reacher,3074,onset,0.03,reacher_lewm_noise_0to003_p1_seed3074,/opt/workspace/explorer-env/dataset/ag_data/data/world_model/quentinll/lewm-reacher/ckpt/reacher_lewm_noise_0to003_p1_seed3074,/opt/workspace/explorer-env/dataset/ag_data/data/world_model/quentinll/lewm-reacher/ckpt/reacher_lewm_noise_0to003_p1_seed3074/reacher_lewm_noise_0to003_p1_seed3074_epoch_10_object.ckpt,['/opt/workspace/explorer-env/dataset/ag_data/data/world_model/quentinll/lewm-reacher/ckpt/reacher_lewm_noise_0to003_p1_seed3074'],80.0,80.666667,0.28342804287613466,0.10989143224200482,0.9799999594688416,true,ok,true,3,100,5,8,normalized,0.02,0.37896811962127686,0.34343796968460083,0.6470264792442322,0.18257658183574677,456.4414545893669,32.35132396221161,finite-difference local Gaussian sensitivity proxy; not a global robustness certificate
Reacher,3074,endpoint,0.08,reacher_lewm_noise_0to008_p1_seed3074,/opt/workspace/explorer-env/dataset/ag_data/data/world_model/quentinll/lewm-reacher/ckpt/reacher_lewm_noise_0to008_p1_seed3074,/opt/workspace/explorer-env/dataset/ag_data/data/world_model/quentinll/lewm-reacher/ckpt/reacher_lewm_noise_0to008_p1_seed3074/reacher_lewm_noise_0to008_p1_seed3074_epoch_10_object.ckpt,['/opt/workspace/explorer-env/dataset/ag_data/data/world_model/quentinll/lewm-reacher/ckpt/reacher_lewm_noise_0to008_p1_seed3074'],78.333333,80.333333,0.07801434049559372,0.030247915927722434,1.0,true,ok,true,3,100,5,8,normalized,0.005,0.055485207587480545,0.048973433673381805,0.09706967324018478,0.004021643660962582,160.86574643850327,19.413934648036957,finite-difference local Gaussian sensitivity proxy; not a global robustness certificate
Reacher,3074,endpoint,0.08,reacher_lewm_noise_0to008_p1_seed3074,/opt/workspace/explorer-env/dataset/ag_data/data/world_model/quentinll/lewm-reacher/ckpt/reacher_lewm_noise_0to008_p1_seed3074,/opt/workspace/explorer-env/dataset/ag_data/data/world_model/quentinll/lewm-reacher/ckpt/reacher_lewm_noise_0to008_p1_seed3074/reacher_lewm_noise_0to008_p1_seed3074_epoch_10_object.ckpt,['/opt/workspace/explorer-env/dataset/ag_data/data/world_model/quentinll/lewm-reacher/ckpt/reacher_lewm_noise_0to008_p1_seed3074'],78.333333,80.333333,0.07801434049559372,0.030247915927722434,1.0,true,ok,true,3,100,5,8,normalized,0.01,0.1092304065823555,0.09682878851890564,0.1948675662279129,0.01572987623512745,157.2987623512745,19.48675662279129,finite-difference local Gaussian sensitivity proxy; not a global robustness certificate
Reacher,3074,endpoint,0.08,reacher_lewm_noise_0to008_p1_seed3074,/opt/workspace/explorer-env/dataset/ag_data/data/world_model/quentinll/lewm-reacher/ckpt/reacher_lewm_noise_0to008_p1_seed3074,/opt/workspace/explorer-env/dataset/ag_data/data/world_model/quentinll/lewm-reacher/ckpt/reacher_lewm_noise_0to008_p1_seed3074/reacher_lewm_noise_0to008_p1_seed3074_epoch_10_object.ckpt,['/opt/workspace/explorer-env/dataset/ag_data/data/world_model/quentinll/lewm-reacher/ckpt/reacher_lewm_noise_0to008_p1_seed3074'],78.333333,80.333333,0.07801434049559372,0.030247915927722434,1.0,true,ok,true,3,100,5,8,normalized,0.02,0.21850596368312836,0.19193658232688904,0.39078325033187866,0.0627889558672905,156.97238966822624,19.539162516593933,finite-difference local Gaussian sensitivity proxy; not a global robustness certificate
Cube,3072,base,0.00,cube_lewm_20260430,/opt/workspace/explorer-env/dataset/ag_data/data/world_model/quentinll/lewm-cube/ckpt/cube_lewm_20260430,/opt/workspace/explorer-env/dataset/ag_data/data/world_model/quentinll/lewm-cube/ckpt/cube_lewm_20260430/cube_lewm_20260430_epoch_10_object.ckpt,['/opt/workspace/explorer-env/dataset/ag_data/data/world_model/quentinll/lewm-cube/ckpt/cube_lewm_20260430'],66.66666666666667,47.0,2.2742336070066784,1.0,0.4899999797344208,false,ok,true,3,100,5,8,normalized,0.005,0.6412645578384399,0.5999877452850342,0.994364857673645,0.4969489574432373,19877.958297729492,198.872971534729,finite-difference local Gaussian sensitivity proxy; not a global robustness certificate
Cube,3072,base,0.00,cube_lewm_20260430,/opt/workspace/explorer-env/dataset/ag_data/data/world_model/quentinll/lewm-cube/ckpt/cube_lewm_20260430,/opt/workspace/explorer-env/dataset/ag_data/data/world_model/quentinll/lewm-cube/ckpt/cube_lewm_20260430/cube_lewm_20260430_epoch_10_object.ckpt,['/opt/workspace/explorer-env/dataset/ag_data/data/world_model/quentinll/lewm-cube/ckpt/cube_lewm_20260430'],66.66666666666667,47.0,2.2742336070066784,1.0,0.4899999797344208,false,ok,true,3,100,5,8,normalized,0.01,1.7194668054580688,1.5769457817077637,2.592836856842041,3.493007183074951,34930.07183074951,259.2836856842041,finite-difference local Gaussian sensitivity proxy; not a global robustness certificate
Cube,3072,base,0.00,cube_lewm_20260430,/opt/workspace/explorer-env/dataset/ag_data/data/world_model/quentinll/lewm-cube/ckpt/cube_lewm_20260430,/opt/workspace/explorer-env/dataset/ag_data/data/world_model/quentinll/lewm-cube/ckpt/cube_lewm_20260430/cube_lewm_20260430_epoch_10_object.ckpt,['/opt/workspace/explorer-env/dataset/ag_data/data/world_model/quentinll/lewm-cube/ckpt/cube_lewm_20260430'],66.66666666666667,47.0,2.2742336070066784,1.0,0.4899999797344208,false,ok,true,3,100,5,8,normalized,0.02,5.931565761566162,5.756381988525391,8.939658164978027,40.58747863769531,101468.69659423828,446.98290824890137,finite-difference local Gaussian sensitivity proxy; not a global robustness certificate
Cube,3072,onset,0.03,cube_lewm_noise_0to003_p1,/opt/workspace/explorer-env/dataset/ag_data/data/world_model/quentinll/lewm-cube/ckpt/cube_lewm_noise_0to003_p1,/opt/workspace/explorer-env/dataset/ag_data/data/world_model/quentinll/lewm-cube/ckpt/cube_lewm_noise_0to003_p1/cube_lewm_noise_0to003_p1_epoch_10_object.ckpt,['/opt/workspace/explorer-env/dataset/ag_data/data/world_model/quentinll/lewm-cube/ckpt/cube_lewm_noise_0to003_p1'],65.0,68.33333333333333,0.7240019399862586,0.3183498554219248,0.9899999499320984,true,ok,true,3,100,5,8,normalized,0.005,0.15027925372123718,0.1360270082950592,0.24561481177806854,0.02760285697877407,1104.1142791509628,49.12296235561371,finite-difference local Gaussian sensitivity proxy; not a global robustness certificate
Cube,3072,onset,0.03,cube_lewm_noise_0to003_p1,/opt/workspace/explorer-env/dataset/ag_data/data/world_model/quentinll/lewm-cube/ckpt/cube_lewm_noise_0to003_p1,/opt/workspace/explorer-env/dataset/ag_data/data/world_model/quentinll/lewm-cube/ckpt/cube_lewm_noise_0to003_p1/cube_lewm_noise_0to003_p1_epoch_10_object.ckpt,['/opt/workspace/explorer-env/dataset/ag_data/data/world_model/quentinll/lewm-cube/ckpt/cube_lewm_noise_0to003_p1'],65.0,68.33333333333333,0.7240019399862586,0.3183498554219248,0.9899999499320984,true,ok,true,3,100,5,8,normalized,0.01,0.3001267910003662,0.27024224400520325,0.48806822299957275,0.10999935120344162,1099.9935120344162,48.806822299957275,finite-difference local Gaussian sensitivity proxy; not a global robustness certificate
Cube,3072,onset,0.03,cube_lewm_noise_0to003_p1,/opt/workspace/explorer-env/dataset/ag_data/data/world_model/quentinll/lewm-cube/ckpt/cube_lewm_noise_0to003_p1,/opt/workspace/explorer-env/dataset/ag_data/data/world_model/quentinll/lewm-cube/ckpt/cube_lewm_noise_0to003_p1/cube_lewm_noise_0to003_p1_epoch_10_object.ckpt,['/opt/workspace/explorer-env/dataset/ag_data/data/world_model/quentinll/lewm-cube/ckpt/cube_lewm_noise_0to003_p1'],65.0,68.33333333333333,0.7240019399862586,0.3183498554219248,0.9899999499320984,true,ok,true,3,100,5,8,normalized,0.02,0.6107351779937744,0.5538135766983032,1.0026748180389404,0.4545629620552063,1136.4074051380157,50.13374090194702,finite-difference local Gaussian sensitivity proxy; not a global robustness certificate
Cube,3072,endpoint,0.08,cube_lewm_noise_0to008_p1,/opt/workspace/explorer-env/dataset/ag_data/data/world_model/quentinll/lewm-cube/ckpt/cube_lewm_noise_0to008_p1,/opt/workspace/explorer-env/dataset/ag_data/data/world_model/quentinll/lewm-cube/ckpt/cube_lewm_noise_0to008_p1/cube_lewm_noise_0to008_p1_epoch_10_object.ckpt,['/opt/workspace/explorer-env/dataset/ag_data/data/world_model/quentinll/lewm-cube/ckpt/cube_lewm_noise_0to008_p1'],62.333333333333336,62.0,0.09119283847319774,0.040098272311270944,1.0,false,ok,true,3,100,5,8,normalized,0.005,0.09131521731615067,0.08594836294651031,0.14409101009368896,0.010098789818584919,403.95159274339676,28.818202018737793,finite-difference local Gaussian sensitivity proxy; not a global robustness certificate
Cube,3072,endpoint,0.08,cube_lewm_noise_0to008_p1,/opt/workspace/explorer-env/dataset/ag_data/data/world_model/quentinll/lewm-cube/ckpt/cube_lewm_noise_0to008_p1,/opt/workspace/explorer-env/dataset/ag_data/data/world_model/quentinll/lewm-cube/ckpt/cube_lewm_noise_0to008_p1/cube_lewm_noise_0to008_p1_epoch_10_object.ckpt,['/opt/workspace/explorer-env/dataset/ag_data/data/world_model/quentinll/lewm-cube/ckpt/cube_lewm_noise_0to008_p1'],62.333333333333336,62.0,0.09119283847319774,0.040098272311270944,1.0,false,ok,true,3,100,5,8,normalized,0.01,0.18008452653884888,0.169475719332695,0.2877781391143799,0.039296455681324005,392.96455681324005,28.77781391143799,finite-difference local Gaussian sensitivity proxy; not a global robustness certificate
Cube,3072,endpoint,0.08,cube_lewm_noise_0to008_p1,/opt/workspace/explorer-env/dataset/ag_data/data/world_model/quentinll/lewm-cube/ckpt/cube_lewm_noise_0to008_p1,/opt/workspace/explorer-env/dataset/ag_data/data/world_model/quentinll/lewm-cube/ckpt/cube_lewm_noise_0to008_p1/cube_lewm_noise_0to008_p1_epoch_10_object.ckpt,['/opt/workspace/explorer-env/dataset/ag_data/data/world_model/quentinll/lewm-cube/ckpt/cube_lewm_noise_0to008_p1'],62.333333333333336,62.0,0.09119283847319774,0.040098272311270944,1.0,false,ok,true,3,100,5,8,normalized,0.02,0.3605094254016876,0.33772650361061096,0.5770249366760254,0.1574862152338028,393.715538084507,28.85124683380127,finite-difference local Gaussian sensitivity proxy; not a global robustness certificate
Cube,3073,base,0.00,cube_lewm_baseline_seed3073,/opt/workspace/explorer-env/dataset/ag_data/data/world_model/quentinll/lewm-cube/ckpt/cube_lewm_baseline_seed3073,/opt/workspace/explorer-env/dataset/ag_data/data/world_model/quentinll/lewm-cube/ckpt/cube_lewm_baseline_seed3073/cube_lewm_baseline_seed3073_epoch_10_object.ckpt,['/opt/workspace/explorer-env/dataset/ag_data/data/world_model/quentinll/lewm-cube/ckpt/cube_lewm_baseline_seed3073'],65.0,39.0,2.3036574016869658,1.0,0.41999998688697815,false,ok,true,3,100,5,8,normalized,0.005,0.8533845543861389,0.7862276434898376,1.2761534452438354,0.8411504030227661,33646.016120910645,255.2306890487671,finite-difference local Gaussian sensitivity proxy; not a global robustness certificate
Cube,3073,base,0.00,cube_lewm_baseline_seed3073,/opt/workspace/explorer-env/dataset/ag_data/data/world_model/quentinll/lewm-cube/ckpt/cube_lewm_baseline_seed3073,/opt/workspace/explorer-env/dataset/ag_data/data/world_model/quentinll/lewm-cube/ckpt/cube_lewm_baseline_seed3073/cube_lewm_baseline_seed3073_epoch_10_object.ckpt,['/opt/workspace/explorer-env/dataset/ag_data/data/world_model/quentinll/lewm-cube/ckpt/cube_lewm_baseline_seed3073'],65.0,39.0,2.3036574016869658,1.0,0.41999998688697815,false,ok,true,3,100,5,8,normalized,0.01,2.38801646232605,2.313922882080078,3.481210231781006,6.425547122955322,64255.47122955322,348.1210231781006,finite-difference local Gaussian sensitivity proxy; not a global robustness certificate
Cube,3073,base,0.00,cube_lewm_baseline_seed3073,/opt/workspace/explorer-env/dataset/ag_data/data/world_model/quentinll/lewm-cube/ckpt/cube_lewm_baseline_seed3073,/opt/workspace/explorer-env/dataset/ag_data/data/world_model/quentinll/lewm-cube/ckpt/cube_lewm_baseline_seed3073/cube_lewm_baseline_seed3073_epoch_10_object.ckpt,['/opt/workspace/explorer-env/dataset/ag_data/data/world_model/quentinll/lewm-cube/ckpt/cube_lewm_baseline_seed3073'],65.0,39.0,2.3036574016869658,1.0,0.41999998688697815,false,ok,true,3,100,5,8,normalized,0.02,8.503658294677734,8.197860717773438,11.805959701538086,78.68364715576172,196709.1178894043,590.2979850769043,finite-difference local Gaussian sensitivity proxy; not a global robustness certificate
Cube,3073,onset,0.03,cube_lewm_noise_0to003_p1_seed3073,/opt/workspace/explorer-env/dataset/ag_data/data/world_model/quentinll/lewm-cube/ckpt/cube_lewm_noise_0to003_p1_seed3073,/opt/workspace/explorer-env/dataset/ag_data/data/world_model/quentinll/lewm-cube/ckpt/cube_lewm_noise_0to003_p1_seed3073/cube_lewm_noise_0to003_p1_seed3073_epoch_10_object.ckpt,['/opt/workspace/explorer-env/dataset/ag_data/data/world_model/quentinll/lewm-cube/ckpt/cube_lewm_noise_0to003_p1_seed3073'],66.333333,64.333333,0.6640239554413109,0.2882477033933287,0.9899999499320984,true,ok,true,3,100,5,8,normalized,0.005,0.1653110831975937,0.16145771741867065,0.2565588653087616,0.032668206840753555,1306.7282736301422,51.31177306175232,finite-difference local Gaussian sensitivity proxy; not a global robustness certificate
Cube,3073,onset,0.03,cube_lewm_noise_0to003_p1_seed3073,/opt/workspace/explorer-env/dataset/ag_data/data/world_model/quentinll/lewm-cube/ckpt/cube_lewm_noise_0to003_p1_seed3073,/opt/workspace/explorer-env/dataset/ag_data/data/world_model/quentinll/lewm-cube/ckpt/cube_lewm_noise_0to003_p1_seed3073/cube_lewm_noise_0to003_p1_seed3073_epoch_10_object.ckpt,['/opt/workspace/explorer-env/dataset/ag_data/data/world_model/quentinll/lewm-cube/ckpt/cube_lewm_noise_0to003_p1_seed3073'],66.333333,64.333333,0.6640239554413109,0.2882477033933287,0.9899999499320984,true,ok,true,3,100,5,8,normalized,0.01,0.33002403378486633,0.32188594341278076,0.5099534392356873,0.13040441274642944,1304.0441274642944,50.995343923568726,finite-difference local Gaussian sensitivity proxy; not a global robustness certificate
Cube,3073,onset,0.03,cube_lewm_noise_0to003_p1_seed3073,/opt/workspace/explorer-env/dataset/ag_data/data/world_model/quentinll/lewm-cube/ckpt/cube_lewm_noise_0to003_p1_seed3073,/opt/workspace/explorer-env/dataset/ag_data/data/world_model/quentinll/lewm-cube/ckpt/cube_lewm_noise_0to003_p1_seed3073/cube_lewm_noise_0to003_p1_seed3073_epoch_10_object.ckpt,['/opt/workspace/explorer-env/dataset/ag_data/data/world_model/quentinll/lewm-cube/ckpt/cube_lewm_noise_0to003_p1_seed3073'],66.333333,64.333333,0.6640239554413109,0.2882477033933287,0.9899999499320984,true,ok,true,3,100,5,8,normalized,0.02,0.6703454852104187,0.652053713798523,1.034095287322998,0.5378880500793457,1344.7201251983643,51.7047643661499,finite-difference local Gaussian sensitivity proxy; not a global robustness certificate
Cube,3073,endpoint,0.08,cube_lewm_noise_0to008_p1_seed3073,/opt/workspace/explorer-env/dataset/ag_data/data/world_model/quentinll/lewm-cube/ckpt/cube_lewm_noise_0to008_p1_seed3073,/opt/workspace/explorer-env/dataset/ag_data/data/world_model/quentinll/lewm-cube/ckpt/cube_lewm_noise_0to008_p1_seed3073/cube_lewm_noise_0to008_p1_seed3073_epoch_10_object.ckpt,['/opt/workspace/explorer-env/dataset/ag_data/data/world_model/quentinll/lewm-cube/ckpt/cube_lewm_noise_0to008_p1_seed3073'],65.666667,64.666667,0.10161935750323704,0.044112183273789456,1.0,true,ok,true,3,100,5,8,normalized,0.005,0.09528063237667084,0.08921201527118683,0.15752023458480835,0.011012581177055836,440.50324708223343,31.50404691696167,finite-difference local Gaussian sensitivity proxy; not a global robustness certificate
Cube,3073,endpoint,0.08,cube_lewm_noise_0to008_p1_seed3073,/opt/workspace/explorer-env/dataset/ag_data/data/world_model/quentinll/lewm-cube/ckpt/cube_lewm_noise_0to008_p1_seed3073,/opt/workspace/explorer-env/dataset/ag_data/data/world_model/quentinll/lewm-cube/ckpt/cube_lewm_noise_0to008_p1_seed3073/cube_lewm_noise_0to008_p1_seed3073_epoch_10_object.ckpt,['/opt/workspace/explorer-env/dataset/ag_data/data/world_model/quentinll/lewm-cube/ckpt/cube_lewm_noise_0to008_p1_seed3073'],65.666667,64.666667,0.10161935750323704,0.044112183273789456,1.0,true,ok,true,3,100,5,8,normalized,0.01,0.18923497200012207,0.1790046989917755,0.3114190399646759,0.043605439364910126,436.05439364910126,31.14190399646759,finite-difference local Gaussian sensitivity proxy; not a global robustness certificate
Cube,3073,endpoint,0.08,cube_lewm_noise_0to008_p1_seed3073,/opt/workspace/explorer-env/dataset/ag_data/data/world_model/quentinll/lewm-cube/ckpt/cube_lewm_noise_0to008_p1_seed3073,/opt/workspace/explorer-env/dataset/ag_data/data/world_model/quentinll/lewm-cube/ckpt/cube_lewm_noise_0to008_p1_seed3073/cube_lewm_noise_0to008_p1_seed3073_epoch_10_object.ckpt,['/opt/workspace/explorer-env/dataset/ag_data/data/world_model/quentinll/lewm-cube/ckpt/cube_lewm_noise_0to008_p1_seed3073'],65.666667,64.666667,0.10161935750323704,0.044112183273789456,1.0,true,ok,true,3,100,5,8,normalized,0.02,0.37993764877319336,0.3604373335838318,0.6265406012535095,0.17552684247493744,438.8171061873436,31.327030062675476,finite-difference local Gaussian sensitivity proxy; not a global robustness certificate
Cube,3074,base,0.00,cube_lewm_baseline_seed3074,/opt/workspace/explorer-env/dataset/ag_data/data/world_model/quentinll/lewm-cube/ckpt/cube_lewm_baseline_seed3074,/opt/workspace/explorer-env/dataset/ag_data/data/world_model/quentinll/lewm-cube/ckpt/cube_lewm_baseline_seed3074/cube_lewm_baseline_seed3074_epoch_10_object.ckpt,['/opt/workspace/explorer-env/dataset/ag_data/data/world_model/quentinll/lewm-cube/ckpt/cube_lewm_baseline_seed3074'],64.0,43.333333,2.3820318136256216,1.0,0.44999998807907104,false,ok,true,3,100,5,8,normalized,0.005,0.7794806957244873,0.7092701196670532,1.2464008331298828,0.7207221984863281,28828.887939453125,249.28016662597656,finite-difference local Gaussian sensitivity proxy; not a global robustness certificate
Cube,3074,base,0.00,cube_lewm_baseline_seed3074,/opt/workspace/explorer-env/dataset/ag_data/data/world_model/quentinll/lewm-cube/ckpt/cube_lewm_baseline_seed3074,/opt/workspace/explorer-env/dataset/ag_data/data/world_model/quentinll/lewm-cube/ckpt/cube_lewm_baseline_seed3074/cube_lewm_baseline_seed3074_epoch_10_object.ckpt,['/opt/workspace/explorer-env/dataset/ag_data/data/world_model/quentinll/lewm-cube/ckpt/cube_lewm_baseline_seed3074'],64.0,43.333333,2.3820318136256216,1.0,0.44999998807907104,false,ok,true,3,100,5,8,normalized,0.01,2.2929887771606445,2.1855926513671875,3.4288699626922607,6.038011074066162,60380.11074066162,342.8869962692261,finite-difference local Gaussian sensitivity proxy; not a global robustness certificate
Cube,3074,base,0.00,cube_lewm_baseline_seed3074,/opt/workspace/explorer-env/dataset/ag_data/data/world_model/quentinll/lewm-cube/ckpt/cube_lewm_baseline_seed3074,/opt/workspace/explorer-env/dataset/ag_data/data/world_model/quentinll/lewm-cube/ckpt/cube_lewm_baseline_seed3074/cube_lewm_baseline_seed3074_epoch_10_object.ckpt,['/opt/workspace/explorer-env/dataset/ag_data/data/world_model/quentinll/lewm-cube/ckpt/cube_lewm_baseline_seed3074'],64.0,43.333333,2.3820318136256216,1.0,0.44999998807907104,false,ok,true,3,100,5,8,normalized,0.02,8.393095016479492,8.226737976074219,12.323034286499023,78.38690948486328,195967.2737121582,616.1517143249512,finite-difference local Gaussian sensitivity proxy; not a global robustness certificate
Cube,3074,onset,0.03,cube_lewm_noise_0to003_p1_seed3074,/opt/workspace/explorer-env/dataset/ag_data/data/world_model/quentinll/lewm-cube/ckpt/cube_lewm_noise_0to003_p1_seed3074,/opt/workspace/explorer-env/dataset/ag_data/data/world_model/quentinll/lewm-cube/ckpt/cube_lewm_noise_0to003_p1_seed3074/cube_lewm_noise_0to003_p1_seed3074_epoch_10_object.ckpt,['/opt/workspace/explorer-env/dataset/ag_data/data/world_model/quentinll/lewm-cube/ckpt/cube_lewm_noise_0to003_p1_seed3074'],62.333333,65.333333,0.7462273498721302,0.31327346075043355,0.9899999499320984,true,ok,true,3,100,5,8,normalized,0.005,0.16994844377040863,0.15627658367156982,0.2733795940876007,0.03480547294020653,1392.218917608261,54.67591881752014,finite-difference local Gaussian sensitivity proxy; not a global robustness certificate
Cube,3074,onset,0.03,cube_lewm_noise_0to003_p1_seed3074,/opt/workspace/explorer-env/dataset/ag_data/data/world_model/quentinll/lewm-cube/ckpt/cube_lewm_noise_0to003_p1_seed3074,/opt/workspace/explorer-env/dataset/ag_data/data/world_model/quentinll/lewm-cube/ckpt/cube_lewm_noise_0to003_p1_seed3074/cube_lewm_noise_0to003_p1_seed3074_epoch_10_object.ckpt,['/opt/workspace/explorer-env/dataset/ag_data/data/world_model/quentinll/lewm-cube/ckpt/cube_lewm_noise_0to003_p1_seed3074'],62.333333,65.333333,0.7462273498721302,0.31327346075043355,0.9899999499320984,true,ok,true,3,100,5,8,normalized,0.01,0.3397150933742523,0.31683963537216187,0.5446656346321106,0.13876843452453613,1387.6843452453613,54.46656346321106,finite-difference local Gaussian sensitivity proxy; not a global robustness certificate
Cube,3074,onset,0.03,cube_lewm_noise_0to003_p1_seed3074,/opt/workspace/explorer-env/dataset/ag_data/data/world_model/quentinll/lewm-cube/ckpt/cube_lewm_noise_0to003_p1_seed3074,/opt/workspace/explorer-env/dataset/ag_data/data/world_model/quentinll/lewm-cube/ckpt/cube_lewm_noise_0to003_p1_seed3074/cube_lewm_noise_0to003_p1_seed3074_epoch_10_object.ckpt,['/opt/workspace/explorer-env/dataset/ag_data/data/world_model/quentinll/lewm-cube/ckpt/cube_lewm_noise_0to003_p1_seed3074'],62.333333,65.333333,0.7462273498721302,0.31327346075043355,0.9899999499320984,true,ok,true,3,100,5,8,normalized,0.02,0.6876245737075806,0.6455497145652771,1.1066880226135254,0.5683709979057312,1420.927494764328,55.33440113067627,finite-difference local Gaussian sensitivity proxy; not a global robustness certificate
Cube,3074,endpoint,0.08,cube_lewm_noise_0to008_p1_seed3074,/opt/workspace/explorer-env/dataset/ag_data/data/world_model/quentinll/lewm-cube/ckpt/cube_lewm_noise_0to008_p1_seed3074,/opt/workspace/explorer-env/dataset/ag_data/data/world_model/quentinll/lewm-cube/ckpt/cube_lewm_noise_0to008_p1_seed3074/cube_lewm_noise_0to008_p1_seed3074_epoch_10_object.ckpt,['/opt/workspace/explorer-env/dataset/ag_data/data/world_model/quentinll/lewm-cube/ckpt/cube_lewm_noise_0to008_p1_seed3074'],57.0,61.0,0.107951619452755,0.045319134209397885,1.0,false,ok,true,3,100,5,8,normalized,0.005,0.09987182915210724,0.09261195361614227,0.16544698178768158,0.012209274806082249,488.37099224328995,33.089396357536316,finite-difference local Gaussian sensitivity proxy; not a global robustness certificate
Cube,3074,endpoint,0.08,cube_lewm_noise_0to008_p1_seed3074,/opt/workspace/explorer-env/dataset/ag_data/data/world_model/quentinll/lewm-cube/ckpt/cube_lewm_noise_0to008_p1_seed3074,/opt/workspace/explorer-env/dataset/ag_data/data/world_model/quentinll/lewm-cube/ckpt/cube_lewm_noise_0to008_p1_seed3074/cube_lewm_noise_0to008_p1_seed3074_epoch_10_object.ckpt,['/opt/workspace/explorer-env/dataset/ag_data/data/world_model/quentinll/lewm-cube/ckpt/cube_lewm_noise_0to008_p1_seed3074'],57.0,61.0,0.107951619452755,0.045319134209397885,1.0,false,ok,true,3,100,5,8,normalized,0.01,0.1975610852241516,0.18410220742225647,0.32617151737213135,0.04825657606124878,482.5657606124878,32.617151737213135,finite-difference local Gaussian sensitivity proxy; not a global robustness certificate
Cube,3074,endpoint,0.08,cube_lewm_noise_0to008_p1_seed3074,/opt/workspace/explorer-env/dataset/ag_data/data/world_model/quentinll/lewm-cube/ckpt/cube_lewm_noise_0to008_p1_seed3074,/opt/workspace/explorer-env/dataset/ag_data/data/world_model/quentinll/lewm-cube/ckpt/cube_lewm_noise_0to008_p1_seed3074/cube_lewm_noise_0to008_p1_seed3074_epoch_10_object.ckpt,['/opt/workspace/explorer-env/dataset/ag_data/data/world_model/quentinll/lewm-cube/ckpt/cube_lewm_noise_0to008_p1_seed3074'],57.0,61.0,0.107951619452755,0.045319134209397885,1.0,false,ok,true,3,100,5,8,normalized,0.02,0.3961332142353058,0.3665621280670166,0.6598659157752991,0.19464316964149475,486.6079241037369,32.993295788764954,finite-difference local Gaussian sensitivity proxy; not a global robustness certificate
