task,training_seed,checkpoint_type,std_key,subdir,run_path,model_file,model_search_dirs,clean_success,pixels_std0.08_success,atr_q90,atr_normalized_q90,smpr_delta0,recovery_label,status,history_size,n_sequences,rollout_horizon,rollout_horizon_actual,embedding_space,hutchinson_probes,pixel_input_dim,latent_input_dim,rollout_output_dim,encoder_trace,encoder_trace_std,encoder_trace_per_pixel_dim,rollout_trace,rollout_trace_std,rollout_trace_per_latent_dim,composed_trace,composed_trace_std,composed_trace_per_pixel_dim,alignment_coefficient,notes
TwoRoom,3072,base,0.00,tworoom_lewm_20260430,/opt/workspace/explorer-env/dataset/ag_data/data/world_model/quentinll/lewm-tworooms/ckpt/tworoom_lewm_20260430,/opt/workspace/explorer-env/dataset/ag_data/data/world_model/quentinll/lewm-tworooms/ckpt/tworoom_lewm_20260430/tworoom_lewm_20260430_epoch_10_object.ckpt,['/opt/workspace/explorer-env/dataset/ag_data/data/world_model/quentinll/lewm-tworooms/ckpt/tworoom_lewm_20260430'],94.0,65.66666666666667,1.5144974763039856,1.0,0.31147539615631104,false,ok,3,100,8,8,normalized,8,45158400,57600,153600,1231036.0625,29533.05726182897,0.027260400335264313,44848.39990234375,28176.814984489607,0.7786180538601345,5347096.625,3333892.189459168,0.11840757478121457,5.578568716680819,exact autograd JVP with Hutchinson trace estimates; not a full Jacobian matrix or closed-loop guarantee
TwoRoom,3072,onset,0.01,tworoom_lewm_noise_0to001_p1,/opt/workspace/explorer-env/dataset/ag_data/data/world_model/quentinll/lewm-tworooms/ckpt/tworoom_lewm_noise_0to001_p1,/opt/workspace/explorer-env/dataset/ag_data/data/world_model/quentinll/lewm-tworooms/ckpt/tworoom_lewm_noise_0to001_p1/tworoom_lewm_noise_0to001_p1_epoch_10_object.ckpt,['/opt/workspace/explorer-env/dataset/ag_data/data/world_model/quentinll/lewm-tworooms/ckpt/tworoom_lewm_noise_0to001_p1'],93.66666666666667,94.0,1.0454658513469122,0.6903054430293876,0.7540982961654663,true,ok,3,100,8,8,normalized,8,45158400,57600,153600,143837.296875,2767.334426583142,0.0031851725675621813,35665.01513671875,4766.433917613791,0.6191842905680338,345768.8125,77526.62082111485,0.0076567994548079645,3.882347239515392,exact autograd JVP with Hutchinson trace estimates; not a full Jacobian matrix or closed-loop guarantee
TwoRoom,3072,endpoint,0.08,tworoom_lewm_noise_0to008_p1,/opt/workspace/explorer-env/dataset/ag_data/data/world_model/quentinll/lewm-tworooms/ckpt/tworoom_lewm_noise_0to008_p1,/opt/workspace/explorer-env/dataset/ag_data/data/world_model/quentinll/lewm-tworooms/ckpt/tworoom_lewm_noise_0to008_p1/tworoom_lewm_noise_0to008_p1_epoch_10_object.ckpt,['/opt/workspace/explorer-env/dataset/ag_data/data/world_model/quentinll/lewm-tworooms/ckpt/tworoom_lewm_noise_0to008_p1'],98.33333333333333,97.66666666666667,0.09345786316418216,0.06170882726873793,0.9999999403953552,true,ok,3,100,8,8,normalized,8,45158400,57600,153600,2890.2282104492188,120.72598788635909,6.400200650264887e-05,37071.3046875,7106.361164511002,0.6435990397135417,4800.2349853515625,1195.05353111757,0.00010629772058690216,2.5805660222925253,exact autograd JVP with Hutchinson trace estimates; not a full Jacobian matrix or closed-loop guarantee
TwoRoom,3073,base,0.00,tworoom_lewm_baseline_seed3073,/opt/workspace/explorer-env/dataset/ag_data/data/world_model/quentinll/lewm-tworooms/ckpt/tworoom_lewm_baseline_seed3073,/opt/workspace/explorer-env/dataset/ag_data/data/world_model/quentinll/lewm-tworooms/ckpt/tworoom_lewm_baseline_seed3073/tworoom_lewm_baseline_seed3073_epoch_10_object.ckpt,['/opt/workspace/explorer-env/dataset/ag_data/data/world_model/quentinll/lewm-tworooms/ckpt/tworoom_lewm_baseline_seed3073'],94.333333,71.666667,1.5172889279112693,1.0,0.2950819432735443,false,ok,3,100,8,8,normalized,8,45158400,57600,153600,796816.40625,14808.125746099831,0.01764492112763074,34266.876220703125,4732.614617321788,0.5949110454983182,1405094.953125,232542.1803401258,0.03111480816691911,2.9641172169332606,exact autograd JVP with Hutchinson trace estimates; not a full Jacobian matrix or closed-loop guarantee
TwoRoom,3073,onset,0.01,tworoom_lewm_noise_0to001_p1_seed3073,/opt/workspace/explorer-env/dataset/ag_data/data/world_model/quentinll/lewm-tworooms/ckpt/tworoom_lewm_noise_0to001_p1_seed3073,/opt/workspace/explorer-env/dataset/ag_data/data/world_model/quentinll/lewm-tworooms/ckpt/tworoom_lewm_noise_0to001_p1_seed3073/tworoom_lewm_noise_0to001_p1_seed3073_epoch_10_object.ckpt,['/opt/workspace/explorer-env/dataset/ag_data/data/world_model/quentinll/lewm-tworooms/ckpt/tworoom_lewm_noise_0to001_p1_seed3073'],96.333333,95.666667,1.2074334060413774,0.7957834423161281,0.6393442153930664,true,ok,3,100,8,8,normalized,8,45158400,57600,153600,137580.9609375,2187.6920565801365,0.0030466305479711414,42513.14013671875,4892.81848457408,0.7380753495958117,309912.50390625,36151.151690319406,0.006862787519182478,3.051968588912331,exact autograd JVP with Hutchinson trace estimates; not a full Jacobian matrix or closed-loop guarantee
TwoRoom,3073,endpoint,0.08,tworoom_lewm_noise_0to008_p1_seed3073,/opt/workspace/explorer-env/dataset/ag_data/data/world_model/quentinll/lewm-tworooms/ckpt/tworoom_lewm_noise_0to008_p1_seed3073,/opt/workspace/explorer-env/dataset/ag_data/data/world_model/quentinll/lewm-tworooms/ckpt/tworoom_lewm_noise_0to008_p1_seed3073/tworoom_lewm_noise_0to008_p1_seed3073_epoch_10_object.ckpt,['/opt/workspace/explorer-env/dataset/ag_data/data/world_model/quentinll/lewm-tworooms/ckpt/tworoom_lewm_noise_0to008_p1_seed3073'],97.0,97.333333,0.1321221251210847,0.08707776264008378,0.9836065173149109,true,ok,3,100,8,8,normalized,8,45158400,57600,153600,4201.537322998047,220.38936456478888,9.30399952832263e-05,40502.38623046875,9437.325833931143,0.7031664276123046,7082.114929199219,1232.501972471668,0.0001568282961575082,2.3971577635337917,exact autograd JVP with Hutchinson trace estimates; not a full Jacobian matrix or closed-loop guarantee
TwoRoom,3074,base,0.00,tworoom_lewm_baseline_seed3074,/opt/workspace/explorer-env/dataset/ag_data/data/world_model/quentinll/lewm-tworooms/ckpt/tworoom_lewm_baseline_seed3074,/opt/workspace/explorer-env/dataset/ag_data/data/world_model/quentinll/lewm-tworooms/ckpt/tworoom_lewm_baseline_seed3074/tworoom_lewm_baseline_seed3074_epoch_10_object.ckpt,['/opt/workspace/explorer-env/dataset/ag_data/data/world_model/quentinll/lewm-tworooms/ckpt/tworoom_lewm_baseline_seed3074'],95.666667,69.0,1.4947153046014692,1.0,0.4098360538482666,false,ok,3,100,8,8,normalized,8,45158400,57600,153600,857016.6015625,18322.82956591849,0.018978010770144646,34107.209228515625,5468.378001971509,0.5921390491061741,1480974.328125,157267.1496574869,0.032795101866430164,2.918331302762202,exact autograd JVP with Hutchinson trace estimates; not a full Jacobian matrix or closed-loop guarantee
TwoRoom,3074,onset,0.02,tworoom_lewm_noise_0to002_p1_seed3074,/opt/workspace/explorer-env/dataset/ag_data/data/world_model/quentinll/lewm-tworooms/ckpt/tworoom_lewm_noise_0to002_p1_seed3074,/opt/workspace/explorer-env/dataset/ag_data/data/world_model/quentinll/lewm-tworooms/ckpt/tworoom_lewm_noise_0to002_p1_seed3074/tworoom_lewm_noise_0to002_p1_seed3074_epoch_10_object.ckpt,['/opt/workspace/explorer-env/dataset/ag_data/data/world_model/quentinll/lewm-tworooms/ckpt/tworoom_lewm_noise_0to002_p1_seed3074'],97.333333,97.666667,0.527574942818781,0.35296015314397716,0.8852458596229553,true,ok,3,100,8,8,normalized,8,45158400,57600,153600,50988.0703125,1148.5371301550454,0.001129093818924054,39400.234375,6355.932885252867,0.6840318467881944,94583.73046875,8084.536090892718,0.0020944880790450945,2.7118866996714273,exact autograd JVP with Hutchinson trace estimates; not a full Jacobian matrix or closed-loop guarantee
TwoRoom,3074,endpoint,0.08,tworoom_lewm_noise_0to008_p1_seed3074,/opt/workspace/explorer-env/dataset/ag_data/data/world_model/quentinll/lewm-tworooms/ckpt/tworoom_lewm_noise_0to008_p1_seed3074,/opt/workspace/explorer-env/dataset/ag_data/data/world_model/quentinll/lewm-tworooms/ckpt/tworoom_lewm_noise_0to008_p1_seed3074/tworoom_lewm_noise_0to008_p1_seed3074_epoch_10_object.ckpt,['/opt/workspace/explorer-env/dataset/ag_data/data/world_model/quentinll/lewm-tworooms/ckpt/tworoom_lewm_noise_0to008_p1_seed3074'],96.333333,96.333333,0.1080286071798046,0.07227370111702168,0.9836065173149109,true,ok,3,100,8,8,normalized,8,45158400,57600,153600,2874.2398681640625,69.74036045176844,6.36479562642623e-05,42611.535400390625,5616.719409301766,0.7397836007012262,4603.8511962890625,775.0791211094341,0.00010194894407882172,2.165177818277759,exact autograd JVP with Hutchinson trace estimates; not a full Jacobian matrix or closed-loop guarantee
PushT,3072,base,0.00,pusht_lewm_20260430,/opt/workspace/explorer-env/dataset/ag_data/data/world_model/quentinll/lewm-pusht/ckpt/pusht_lewm_20260430,/opt/workspace/explorer-env/dataset/ag_data/data/world_model/quentinll/lewm-pusht/ckpt/pusht_lewm_20260430/pusht_lewm_20260430_epoch_10_object.ckpt,['/opt/workspace/explorer-env/dataset/ag_data/data/world_model/quentinll/lewm-pusht/ckpt/pusht_lewm_20260430'],86.33333333333333,4.333333333333333,3.4252009231417477,1.0,0.4285714328289032,false,ok,3,100,8,8,normalized,8,45158400,57600,153600,72633.7158203125,1757.7339533403128,0.001608420932103717,160011.7197265625,55352.59612387198,2.777981245252821,1163020.5,362268.4261232524,0.02575424505739796,5.763944600423279,exact autograd JVP with Hutchinson trace estimates; not a full Jacobian matrix or closed-loop guarantee
PushT,3072,onset,0.02,pusht_lewm_noise_0to002_p1,/opt/workspace/explorer-env/dataset/ag_data/data/world_model/quentinll/lewm-pusht/ckpt/pusht_lewm_noise_0to002_p1,/opt/workspace/explorer-env/dataset/ag_data/data/world_model/quentinll/lewm-pusht/ckpt/pusht_lewm_noise_0to002_p1/pusht_lewm_noise_0to002_p1_epoch_10_object.ckpt,['/opt/workspace/explorer-env/dataset/ag_data/data/world_model/quentinll/lewm-pusht/ckpt/pusht_lewm_noise_0to002_p1'],88.33333333333333,73.66666666666667,1.078168166445085,0.31477515936675066,0.9693877100944519,true,ok,3,100,8,8,normalized,8,45158400,57600,153600,6586.246154785156,96.11307385472071,0.00014584764196218548,131961.9501953125,20063.371970091568,2.2910060797797307,35232.4716796875,4697.198144010395,0.0007801975198343498,2.334957132593066,exact autograd JVP with Hutchinson trace estimates; not a full Jacobian matrix or closed-loop guarantee
PushT,3072,endpoint,0.08,pusht_lewm_noise_0to008_p1,/opt/workspace/explorer-env/dataset/ag_data/data/world_model/quentinll/lewm-pusht/ckpt/pusht_lewm_noise_0to008_p1,/opt/workspace/explorer-env/dataset/ag_data/data/world_model/quentinll/lewm-pusht/ckpt/pusht_lewm_noise_0to008_p1/pusht_lewm_noise_0to008_p1_epoch_10_object.ckpt,['/opt/workspace/explorer-env/dataset/ag_data/data/world_model/quentinll/lewm-pusht/ckpt/pusht_lewm_noise_0to008_p1'],88.33333333333333,89.0,0.22418129709450388,0.06545055374120207,1.0,true,ok,3,100,8,8,normalized,8,45158400,57600,153600,1379.1836853027344,41.65002564040005,3.054102194282203e-05,125413.466796875,27431.32350536755,2.177317131890191,9173.692687988281,2265.319965841817,0.00020314476792774504,3.0549238325621206,exact autograd JVP with Hutchinson trace estimates; not a full Jacobian matrix or closed-loop guarantee
PushT,3073,base,0.00,pusht_lewm_baseline_seed3073,/opt/workspace/explorer-env/dataset/ag_data/data/world_model/quentinll/lewm-pusht/ckpt/pusht_lewm_baseline_seed3073,/opt/workspace/explorer-env/dataset/ag_data/data/world_model/quentinll/lewm-pusht/ckpt/pusht_lewm_baseline_seed3073/pusht_lewm_baseline_seed3073_epoch_10_object.ckpt,['/opt/workspace/explorer-env/dataset/ag_data/data/world_model/quentinll/lewm-pusht/ckpt/pusht_lewm_baseline_seed3073'],75.0,2.0,3.9464090489730728,1.0,0.23469386994838715,false,ok,3,100,8,8,normalized,8,45158400,57600,153600,81815.9521484375,2240.2502081960015,0.001811754892742823,115936.115234375,23155.807479719595,2.012779778374566,862520.890625,240796.8430274818,0.019099899257391757,5.2376367255929726,exact autograd JVP with Hutchinson trace estimates; not a full Jacobian matrix or closed-loop guarantee
PushT,3073,onset,0.03,pusht_lewm_noise_0to003_p1_seed3073,/opt/workspace/explorer-env/dataset/ag_data/data/world_model/quentinll/lewm-pusht/ckpt/pusht_lewm_noise_0to003_p1_seed3073,/opt/workspace/explorer-env/dataset/ag_data/data/world_model/quentinll/lewm-pusht/ckpt/pusht_lewm_noise_0to003_p1_seed3073/pusht_lewm_noise_0to003_p1_seed3073_epoch_10_object.ckpt,['/opt/workspace/explorer-env/dataset/ag_data/data/world_model/quentinll/lewm-pusht/ckpt/pusht_lewm_noise_0to003_p1_seed3073'],89.666667,80.666667,0.7399988157138043,0.1875119397231175,0.9897959232330322,true,ok,3,100,8,8,normalized,8,45158400,57600,153600,3739.3185119628906,84.64872004307676,8.280449510972246e-05,128462.7626953125,22987.7666690412,2.2302562967936197,21257.802734375,5247.542785232848,0.0004707386163897525,2.549007649926822,exact autograd JVP with Hutchinson trace estimates; not a full Jacobian matrix or closed-loop guarantee
PushT,3073,endpoint,0.08,pusht_lewm_noise_0to008_p1_seed3073,/opt/workspace/explorer-env/dataset/ag_data/data/world_model/quentinll/lewm-pusht/ckpt/pusht_lewm_noise_0to008_p1_seed3073,/opt/workspace/explorer-env/dataset/ag_data/data/world_model/quentinll/lewm-pusht/ckpt/pusht_lewm_noise_0to008_p1_seed3073/pusht_lewm_noise_0to008_p1_seed3073_epoch_10_object.ckpt,['/opt/workspace/explorer-env/dataset/ag_data/data/world_model/quentinll/lewm-pusht/ckpt/pusht_lewm_noise_0to008_p1_seed3073'],84.666667,81.0,0.2663277454467475,0.06748609739683492,1.0,true,ok,3,100,8,8,normalized,8,45158400,57600,153600,1259.11328125,52.46812939919388,2.7882149970991e-05,104998.0947265625,23691.360137676824,1.8228835890028212,8573.699890136719,1809.5784858375243,0.00018985836278824579,3.7354638472742434,exact autograd JVP with Hutchinson trace estimates; not a full Jacobian matrix or closed-loop guarantee
PushT,3074,base,0.00,pusht_lewm_baseline_seed3074,/opt/workspace/explorer-env/dataset/ag_data/data/world_model/quentinll/lewm-pusht/ckpt/pusht_lewm_baseline_seed3074,/opt/workspace/explorer-env/dataset/ag_data/data/world_model/quentinll/lewm-pusht/ckpt/pusht_lewm_baseline_seed3074/pusht_lewm_baseline_seed3074_epoch_10_object.ckpt,['/opt/workspace/explorer-env/dataset/ag_data/data/world_model/quentinll/lewm-pusht/ckpt/pusht_lewm_baseline_seed3074'],84.0,15.333333,3.368840925923857,1.0,0.6530612111091614,false,ok,3,100,8,8,normalized,8,45158400,57600,153600,58223.20458984375,2053.106804321982,0.0012893106175117751,163687.962890625,51655.18998170599,2.841804911295573,871792.640625,343915.2751850365,0.019305215433341304,5.268934901548457,exact autograd JVP with Hutchinson trace estimates; not a full Jacobian matrix or closed-loop guarantee
PushT,3074,onset,0.03,pusht_lewm_noise_0to003_p1_seed3074,/opt/workspace/explorer-env/dataset/ag_data/data/world_model/quentinll/lewm-pusht/ckpt/pusht_lewm_noise_0to003_p1_seed3074,/opt/workspace/explorer-env/dataset/ag_data/data/world_model/quentinll/lewm-pusht/ckpt/pusht_lewm_noise_0to003_p1_seed3074/pusht_lewm_noise_0to003_p1_seed3074_epoch_10_object.ckpt,['/opt/workspace/explorer-env/dataset/ag_data/data/world_model/quentinll/lewm-pusht/ckpt/pusht_lewm_noise_0to003_p1_seed3074'],89.666667,84.666667,0.6350778064999901,0.18851522540377266,1.0,true,ok,3,100,8,8,normalized,8,45158400,57600,153600,3218.5833129882812,65.01797289079455,7.127319198617048e-05,113199.7587890625,17911.010342115795,1.9652735900878906,17324.348266601562,4882.750972624485,0.0003836351214082333,2.738855578909244,exact autograd JVP with Hutchinson trace estimates; not a full Jacobian matrix or closed-loop guarantee
PushT,3074,endpoint,0.08,pusht_lewm_noise_0to008_p1_seed3074,/opt/workspace/explorer-env/dataset/ag_data/data/world_model/quentinll/lewm-pusht/ckpt/pusht_lewm_noise_0to008_p1_seed3074,/opt/workspace/explorer-env/dataset/ag_data/data/world_model/quentinll/lewm-pusht/ckpt/pusht_lewm_noise_0to008_p1_seed3074/pusht_lewm_noise_0to008_p1_seed3074_epoch_10_object.ckpt,['/opt/workspace/explorer-env/dataset/ag_data/data/world_model/quentinll/lewm-pusht/ckpt/pusht_lewm_noise_0to008_p1_seed3074'],87.666667,87.333333,0.24924560008746618,0.0739855652338687,1.0,true,ok,3,100,8,8,normalized,8,45158400,57600,153600,1040.061393737793,37.843606076343356,2.3031404871248605e-05,210297.3037109375,102402.8301418772,3.650994856092665,7801.054992675781,1484.4215485498853,0.00017274870218333204,2.0543911823022847,exact autograd JVP with Hutchinson trace estimates; not a full Jacobian matrix or closed-loop guarantee
Reacher,3072,base,0.00,reacher_lewm_20260430,/opt/workspace/explorer-env/dataset/ag_data/data/world_model/quentinll/lewm-reacher/ckpt/reacher_lewm_20260430,/opt/workspace/explorer-env/dataset/ag_data/data/world_model/quentinll/lewm-reacher/ckpt/reacher_lewm_20260430/reacher_lewm_20260430_epoch_10_object.ckpt,['/opt/workspace/explorer-env/dataset/ag_data/data/world_model/quentinll/lewm-reacher/ckpt/reacher_lewm_20260430'],58.666666666666664,18.333333333333332,2.612153470267934,1.0,0.7699999809265137,false,ok,3,100,8,8,normalized,8,45158400,57600,153600,295562.59375,4087.252552029574,0.006545019171405542,12421.01318359375,1291.0182201704988,0.21564258999294705,134587.30859375,13934.356075650814,0.002980338289083537,2.1116410692306444,exact autograd JVP with Hutchinson trace estimates; not a full Jacobian matrix or closed-loop guarantee
Reacher,3072,onset,0.02,reacher_lewm_noise_0to002_p1,/opt/workspace/explorer-env/dataset/ag_data/data/world_model/quentinll/lewm-reacher/ckpt/reacher_lewm_noise_0to002_p1,/opt/workspace/explorer-env/dataset/ag_data/data/world_model/quentinll/lewm-reacher/ckpt/reacher_lewm_noise_0to002_p1/reacher_lewm_noise_0to002_p1_epoch_10_object.ckpt,['/opt/workspace/explorer-env/dataset/ag_data/data/world_model/quentinll/lewm-reacher/ckpt/reacher_lewm_noise_0to002_p1'],85.66666666666667,83.66666666666667,0.06478999624693388,0.024803288545021143,1.0,true,ok,3,100,8,8,normalized,8,45158400,57600,153600,315.92673110961914,8.179715688571102,6.995968216535996e-06,8715.577697753906,660.3397715428899,0.15131211280822754,392.70302963256836,22.993210627416133,8.696123636633901e-06,8.21493596426723,exact autograd JVP with Hutchinson trace estimates; not a full Jacobian matrix or closed-loop guarantee
Reacher,3072,endpoint,0.08,reacher_lewm_noise_0to008_p1,/opt/workspace/explorer-env/dataset/ag_data/data/world_model/quentinll/lewm-reacher/ckpt/reacher_lewm_noise_0to008_p1,/opt/workspace/explorer-env/dataset/ag_data/data/world_model/quentinll/lewm-reacher/ckpt/reacher_lewm_noise_0to008_p1/reacher_lewm_noise_0to008_p1_epoch_10_object.ckpt,['/opt/workspace/explorer-env/dataset/ag_data/data/world_model/quentinll/lewm-reacher/ckpt/reacher_lewm_noise_0to008_p1'],84.0,82.0,0.08880907729496679,0.03399841483504316,1.0,true,ok,3,100,8,8,normalized,8,45158400,57600,153600,894.167610168457,16.53266751906775,1.9800692898075596e-05,10622.364501953125,1115.8519966387132,0.18441605038113065,821.4815521240234,57.88978613081857,1.819111288539947e-05,4.981729751658603,exact autograd JVP with Hutchinson trace estimates; not a full Jacobian matrix or closed-loop guarantee
Reacher,3073,base,0.00,reacher_lewm_baseline_seed3073,/opt/workspace/explorer-env/dataset/ag_data/data/world_model/quentinll/lewm-reacher/ckpt/reacher_lewm_baseline_seed3073,/opt/workspace/explorer-env/dataset/ag_data/data/world_model/quentinll/lewm-reacher/ckpt/reacher_lewm_baseline_seed3073/reacher_lewm_baseline_seed3073_epoch_10_object.ckpt,['/opt/workspace/explorer-env/dataset/ag_data/data/world_model/quentinll/lewm-reacher/ckpt/reacher_lewm_baseline_seed3073'],60.666667,17.666667,2.693261122041363,1.0,0.699999988079071,false,ok,3,100,8,8,normalized,8,45158400,57600,153600,300770.62109375,9534.553106774727,0.006660347157865425,11173.84375,804.458006826916,0.19399034288194444,142923.99609375,11353.915829763637,0.003164948184473985,2.4495687169560494,exact autograd JVP with Hutchinson trace estimates; not a full Jacobian matrix or closed-loop guarantee
Reacher,3073,onset,0.03,reacher_lewm_noise_0to003_p1_seed3073,/opt/workspace/explorer-env/dataset/ag_data/data/world_model/quentinll/lewm-reacher/ckpt/reacher_lewm_noise_0to003_p1_seed3073,/opt/workspace/explorer-env/dataset/ag_data/data/world_model/quentinll/lewm-reacher/ckpt/reacher_lewm_noise_0to003_p1_seed3073/reacher_lewm_noise_0to003_p1_seed3073_epoch_10_object.ckpt,['/opt/workspace/explorer-env/dataset/ag_data/data/world_model/quentinll/lewm-reacher/ckpt/reacher_lewm_noise_0to003_p1_seed3073'],76.0,71.0,0.23340795508553996,0.08666369301340819,1.0,true,ok,3,100,8,8,normalized,8,45158400,57600,153600,3456.9767456054688,73.75982753213684,7.655224156758142e-05,12012.230224609375,1244.9886633131587,0.20854566362169052,2291.4191284179688,212.78646360368134,5.074181389105834e-05,3.1783879991060817,exact autograd JVP with Hutchinson trace estimates; not a full Jacobian matrix or closed-loop guarantee
Reacher,3073,endpoint,0.08,reacher_lewm_noise_0to008_p1_seed3073,/opt/workspace/explorer-env/dataset/ag_data/data/world_model/quentinll/lewm-reacher/ckpt/reacher_lewm_noise_0to008_p1_seed3073,/opt/workspace/explorer-env/dataset/ag_data/data/world_model/quentinll/lewm-reacher/ckpt/reacher_lewm_noise_0to008_p1_seed3073/reacher_lewm_noise_0to008_p1_seed3073_epoch_10_object.ckpt,['/opt/workspace/explorer-env/dataset/ag_data/data/world_model/quentinll/lewm-reacher/ckpt/reacher_lewm_noise_0to008_p1_seed3073'],81.666667,82.333333,0.07983325670074502,0.029641855387655555,0.9899999499320984,true,ok,3,100,8,8,normalized,8,45158400,57600,153600,891.1267166137695,19.407267453155278,1.973335451685112e-05,11005.156616210938,650.5852591729385,0.19106174680921767,795.4443817138672,95.75284202464482,1.761453863985144e-05,4.671933047670799,exact autograd JVP with Hutchinson trace estimates; not a full Jacobian matrix or closed-loop guarantee
Reacher,3074,base,0.00,reacher_lewm_baseline_seed3074,/opt/workspace/explorer-env/dataset/ag_data/data/world_model/quentinll/lewm-reacher/ckpt/reacher_lewm_baseline_seed3074,/opt/workspace/explorer-env/dataset/ag_data/data/world_model/quentinll/lewm-reacher/ckpt/reacher_lewm_baseline_seed3074/reacher_lewm_baseline_seed3074_epoch_10_object.ckpt,['/opt/workspace/explorer-env/dataset/ag_data/data/world_model/quentinll/lewm-reacher/ckpt/reacher_lewm_baseline_seed3074'],58.333333,18.666667,2.5791641540531067,1.0,0.7299999594688416,false,ok,3,100,8,8,normalized,8,45158400,57600,153600,237858.1328125,7261.843529085295,0.005267195755662291,12158.333862304688,943.7689463594994,0.2110821851094564,105081.724609375,7471.166916913566,0.002326958541697115,2.0929439851511766,exact autograd JVP with Hutchinson trace estimates; not a full Jacobian matrix or closed-loop guarantee
Reacher,3074,onset,0.03,reacher_lewm_noise_0to003_p1_seed3074,/opt/workspace/explorer-env/dataset/ag_data/data/world_model/quentinll/lewm-reacher/ckpt/reacher_lewm_noise_0to003_p1_seed3074,/opt/workspace/explorer-env/dataset/ag_data/data/world_model/quentinll/lewm-reacher/ckpt/reacher_lewm_noise_0to003_p1_seed3074/reacher_lewm_noise_0to003_p1_seed3074_epoch_10_object.ckpt,['/opt/workspace/explorer-env/dataset/ag_data/data/world_model/quentinll/lewm-reacher/ckpt/reacher_lewm_noise_0to003_p1_seed3074'],80.0,80.666667,0.28342804287613466,0.10989143224200482,0.9799999594688416,true,ok,3,100,8,8,normalized,8,45158400,57600,153600,3286.4161987304688,88.37507641908624,7.277530201978965e-05,12580.151611328125,912.5561573089196,0.21840540991889107,2221.4129180908203,206.61506325462545,4.919157716152079e-05,3.0948766105587295,exact autograd JVP with Hutchinson trace estimates; not a full Jacobian matrix or closed-loop guarantee
Reacher,3074,endpoint,0.08,reacher_lewm_noise_0to008_p1_seed3074,/opt/workspace/explorer-env/dataset/ag_data/data/world_model/quentinll/lewm-reacher/ckpt/reacher_lewm_noise_0to008_p1_seed3074,/opt/workspace/explorer-env/dataset/ag_data/data/world_model/quentinll/lewm-reacher/ckpt/reacher_lewm_noise_0to008_p1_seed3074/reacher_lewm_noise_0to008_p1_seed3074_epoch_10_object.ckpt,['/opt/workspace/explorer-env/dataset/ag_data/data/world_model/quentinll/lewm-reacher/ckpt/reacher_lewm_noise_0to008_p1_seed3074'],78.333333,80.333333,0.07801434049559372,0.030247915927722434,1.0,true,ok,3,100,8,8,normalized,8,45158400,57600,153600,959.5845947265625,28.023981442006626,2.1249304553008134e-05,11731.567138671875,828.8279426993407,0.20367304060194227,794.7919387817383,86.8583999753334,1.7600090764547422e-05,4.066648534128164,exact autograd JVP with Hutchinson trace estimates; not a full Jacobian matrix or closed-loop guarantee
Cube,3072,base,0.00,cube_lewm_20260430,/opt/workspace/explorer-env/dataset/ag_data/data/world_model/quentinll/lewm-cube/ckpt/cube_lewm_20260430,/opt/workspace/explorer-env/dataset/ag_data/data/world_model/quentinll/lewm-cube/ckpt/cube_lewm_20260430/cube_lewm_20260430_epoch_10_object.ckpt,['/opt/workspace/explorer-env/dataset/ag_data/data/world_model/quentinll/lewm-cube/ckpt/cube_lewm_20260430'],66.66666666666667,47.0,2.2742336070066784,1.0,0.4899999797344208,false,ok,3,100,8,8,normalized,8,45158400,57600,153600,65251.1640625,1654.7258187241882,0.0014449396803806157,20835.721923828125,2014.8504817726682,0.3617312833997938,79523.5390625,7392.552552899133,0.0017609910683837337,3.369157908800106,exact autograd JVP with Hutchinson trace estimates; not a full Jacobian matrix or closed-loop guarantee
Cube,3072,onset,0.03,cube_lewm_noise_0to003_p1,/opt/workspace/explorer-env/dataset/ag_data/data/world_model/quentinll/lewm-cube/ckpt/cube_lewm_noise_0to003_p1,/opt/workspace/explorer-env/dataset/ag_data/data/world_model/quentinll/lewm-cube/ckpt/cube_lewm_noise_0to003_p1/cube_lewm_noise_0to003_p1_epoch_10_object.ckpt,['/opt/workspace/explorer-env/dataset/ag_data/data/world_model/quentinll/lewm-cube/ckpt/cube_lewm_noise_0to003_p1'],65.0,68.33333333333333,0.7240019399862586,0.3183498554219248,0.9899999499320984,true,ok,3,100,8,8,normalized,8,45158400,57600,153600,4483.952331542969,130.68464444485943,9.929387072046327e-05,20265.8310546875,1490.158750277767,0.3518373446994358,5584.95458984375,363.5144375510941,0.00012367476681733077,3.5401097393811094,exact autograd JVP with Hutchinson trace estimates; not a full Jacobian matrix or closed-loop guarantee
Cube,3072,endpoint,0.08,cube_lewm_noise_0to008_p1,/opt/workspace/explorer-env/dataset/ag_data/data/world_model/quentinll/lewm-cube/ckpt/cube_lewm_noise_0to008_p1,/opt/workspace/explorer-env/dataset/ag_data/data/world_model/quentinll/lewm-cube/ckpt/cube_lewm_noise_0to008_p1/cube_lewm_noise_0to008_p1_epoch_10_object.ckpt,['/opt/workspace/explorer-env/dataset/ag_data/data/world_model/quentinll/lewm-cube/ckpt/cube_lewm_noise_0to008_p1'],62.333333333333336,62.0,0.09119283847319774,0.040098272311270944,1.0,false,ok,3,100,8,8,normalized,8,45158400,57600,153600,1540.6344451904297,38.06501949699374,3.411623186805621e-05,17367.544799804688,1770.9181069515612,0.30151987499660915,2280.6788024902344,179.89368194606465,5.050397716682244e-05,4.909627899236652,exact autograd JVP with Hutchinson trace estimates; not a full Jacobian matrix or closed-loop guarantee
Cube,3073,base,0.00,cube_lewm_baseline_seed3073,/opt/workspace/explorer-env/dataset/ag_data/data/world_model/quentinll/lewm-cube/ckpt/cube_lewm_baseline_seed3073,/opt/workspace/explorer-env/dataset/ag_data/data/world_model/quentinll/lewm-cube/ckpt/cube_lewm_baseline_seed3073/cube_lewm_baseline_seed3073_epoch_10_object.ckpt,['/opt/workspace/explorer-env/dataset/ag_data/data/world_model/quentinll/lewm-cube/ckpt/cube_lewm_baseline_seed3073'],65.0,39.0,2.3036574016869658,1.0,0.41999998688697815,false,ok,3,100,8,8,normalized,8,45158400,57600,153600,107276.634765625,2966.026667589491,0.0023755632344287,21486.431640625,1788.77834285831,0.37302832709418404,117844.3359375,10990.289807686866,0.0026095773087066857,2.9448403794039364,exact autograd JVP with Hutchinson trace estimates; not a full Jacobian matrix or closed-loop guarantee
Cube,3073,onset,0.03,cube_lewm_noise_0to003_p1_seed3073,/opt/workspace/explorer-env/dataset/ag_data/data/world_model/quentinll/lewm-cube/ckpt/cube_lewm_noise_0to003_p1_seed3073,/opt/workspace/explorer-env/dataset/ag_data/data/world_model/quentinll/lewm-cube/ckpt/cube_lewm_noise_0to003_p1_seed3073/cube_lewm_noise_0to003_p1_seed3073_epoch_10_object.ckpt,['/opt/workspace/explorer-env/dataset/ag_data/data/world_model/quentinll/lewm-cube/ckpt/cube_lewm_noise_0to003_p1_seed3073'],66.333333,64.333333,0.6640239554413109,0.2882477033933287,0.9899999499320984,true,ok,3,100,8,8,normalized,8,45158400,57600,153600,5227.5369873046875,185.1876236491204,0.00011576001335974453,21940.5546875,2004.040845146349,0.38091240776909724,7118.745666503906,778.1509983527125,0.00015763945725499366,3.57504278105921,exact autograd JVP with Hutchinson trace estimates; not a full Jacobian matrix or closed-loop guarantee
Cube,3073,endpoint,0.08,cube_lewm_noise_0to008_p1_seed3073,/opt/workspace/explorer-env/dataset/ag_data/data/world_model/quentinll/lewm-cube/ckpt/cube_lewm_noise_0to008_p1_seed3073,/opt/workspace/explorer-env/dataset/ag_data/data/world_model/quentinll/lewm-cube/ckpt/cube_lewm_noise_0to008_p1_seed3073/cube_lewm_noise_0to008_p1_seed3073_epoch_10_object.ckpt,['/opt/workspace/explorer-env/dataset/ag_data/data/world_model/quentinll/lewm-cube/ckpt/cube_lewm_noise_0to008_p1_seed3073'],65.666667,64.666667,0.10161935750323704,0.044112183273789456,1.0,true,ok,3,100,8,8,normalized,8,45158400,57600,153600,1624.81689453125,54.745092924981606,3.598039112393818e-05,19759.1953125,1964.0538245058822,0.34304158528645834,2250.5277099609375,223.56732087183758,4.983630310110495e-05,4.03769181829578,exact autograd JVP with Hutchinson trace estimates; not a full Jacobian matrix or closed-loop guarantee
Cube,3074,base,0.00,cube_lewm_baseline_seed3074,/opt/workspace/explorer-env/dataset/ag_data/data/world_model/quentinll/lewm-cube/ckpt/cube_lewm_baseline_seed3074,/opt/workspace/explorer-env/dataset/ag_data/data/world_model/quentinll/lewm-cube/ckpt/cube_lewm_baseline_seed3074/cube_lewm_baseline_seed3074_epoch_10_object.ckpt,['/opt/workspace/explorer-env/dataset/ag_data/data/world_model/quentinll/lewm-cube/ckpt/cube_lewm_baseline_seed3074'],64.0,43.333333,2.3820318136256216,1.0,0.44999998807907104,false,ok,3,100,8,8,normalized,8,45158400,57600,153600,72011.953125,2747.479884890925,0.0015946524483816964,19057.89990234375,1471.6434724746473,0.3308663177490234,87348.4921875,7240.544752103978,0.0019342689773663372,3.6660489908130915,exact autograd JVP with Hutchinson trace estimates; not a full Jacobian matrix or closed-loop guarantee
Cube,3074,onset,0.03,cube_lewm_noise_0to003_p1_seed3074,/opt/workspace/explorer-env/dataset/ag_data/data/world_model/quentinll/lewm-cube/ckpt/cube_lewm_noise_0to003_p1_seed3074,/opt/workspace/explorer-env/dataset/ag_data/data/world_model/quentinll/lewm-cube/ckpt/cube_lewm_noise_0to003_p1_seed3074/cube_lewm_noise_0to003_p1_seed3074_epoch_10_object.ckpt,['/opt/workspace/explorer-env/dataset/ag_data/data/world_model/quentinll/lewm-cube/ckpt/cube_lewm_noise_0to003_p1_seed3074'],62.333333,65.333333,0.7462273498721302,0.31327346075043355,0.9899999499320984,true,ok,3,100,8,8,normalized,8,45158400,57600,153600,5142.938537597656,160.0724102112445,0.0001138866420776125,18869.962646484375,1441.0074065010938,0.3276035181681315,7137.513977050781,970.4291942356082,0.00015805506787332547,4.236303635958991,exact autograd JVP with Hutchinson trace estimates; not a full Jacobian matrix or closed-loop guarantee
Cube,3074,endpoint,0.08,cube_lewm_noise_0to008_p1_seed3074,/opt/workspace/explorer-env/dataset/ag_data/data/world_model/quentinll/lewm-cube/ckpt/cube_lewm_noise_0to008_p1_seed3074,/opt/workspace/explorer-env/dataset/ag_data/data/world_model/quentinll/lewm-cube/ckpt/cube_lewm_noise_0to008_p1_seed3074/cube_lewm_noise_0to008_p1_seed3074_epoch_10_object.ckpt,['/opt/workspace/explorer-env/dataset/ag_data/data/world_model/quentinll/lewm-cube/ckpt/cube_lewm_noise_0to008_p1_seed3074'],57.0,61.0,0.107951619452755,0.045319134209397885,1.0,false,ok,3,100,8,8,normalized,8,45158400,57600,153600,1738.2583770751953,31.58257574249826,3.849247043905885e-05,17288.599975585938,1451.6863129139072,0.3001493051317003,2417.2437744140625,231.69513993791105,5.3528109375311406e-05,4.633069095106189,exact autograd JVP with Hutchinson trace estimates; not a full Jacobian matrix or closed-loop guarantee
