task,train_stdmax,eval_sigma,n_training_seeds,score_clean_mean,score_clean_pstdev,score_obs_sigma_0p08_mean,score_obs_sigma_0p08_pstdev,behavioral_plateau_threshold,behavioral_plateau_label,atr_q90_mean,atr_q90_pstdev,smpr_margin0_mean,same_radius_q90_mean,same_radius_q90_pstdev,same_radius_q95_mean,cost_drift_q90_mean,cost_drift_q90_pstdev,cost_drift_q95_mean,clean_margin_q50_mean,clean_margin_q50_pstdev,clean_margin_q10_mean,clean_margin_q20_mean,certificate_gap_q50_q90_mean,certificate_gap_q50_q90_pstdev,certificate_pass_proxy,maf_flip_rate_mean,candidate_count_mean,notes
TwoRoom,0.00,0.08,3,94.66666666666667,0.72008250556092,68.77777788888889,2.4545248012599146,91.44444428888889,False,1.508833902938908,0.010048189381820661,0.33879779775937396,21.4604975382487,0.23837198206622545,,180.3289540608724,8.81313108736046,,94.14076487223308,3.7555880279641594,,,-266.5171432495117,16.944883959830126,False,0.7933333317438761,65.0,fixed-pool proxy: gap uses median clean candidate margin minus 2*q90 paired cost drift; SMPR is endpoint-only when present
TwoRoom,0.01,0.08,3,94.88888888888889,1.0999437134870003,93.44444466666667,2.078698518512057,91.44444428888889,True,1.1220137868598803,0.06641988794410893,,16.13782564798991,0.9341233712390576,,85.42017873128255,15.302512536130717,,100.56019337972005,4.344179261787774,,,-70.28016408284505,33.593062808955494,False,0.4899999996026357,65.0,fixed-pool proxy: gap uses median clean candidate margin minus 2*q90 paired cost drift; SMPR is endpoint-only when present
TwoRoom,0.02,0.08,3,95.77777766666667,1.0999437247108985,95.44444444444444,1.5713486383390423,91.44444428888889,True,0.4885879446073197,0.05322991787336085,,7.010720411936442,0.723556982827607,,32.055149714152016,3.0456706772768354,,99.03790537516277,1.0678397383636369,,,34.927605946858726,6.346174547993232,True,0.23666666448116302,65.0,fixed-pool proxy: gap uses median clean candidate margin minus 2*q90 paired cost drift; SMPR is endpoint-only when present
TwoRoom,0.03,0.08,3,95.11111111111111,0.8748898061125053,95.111111,1.3425607281020855,91.44444428888889,True,0.33699357698204924,0.032586246319735446,,4.764781475067139,0.42027181326141544,,18.79846254984538,3.1621227413015807,,93.26332092285156,7.854334592401681,,,55.666395823160805,14.082061907000242,True,0.15000000099341074,65.0,fixed-pool proxy: gap uses median clean candidate margin minus 2*q90 paired cost drift; SMPR is endpoint-only when present
TwoRoom,0.04,0.08,3,95.88888877777778,0.41573985812002,95.88888888888889,0.5665577891046413,91.44444428888889,True,0.20568884704113438,0.01534766365993323,,2.863680601119995,0.20543447985653243,,11.164917945861816,0.9066321101708895,,82.61460622151692,5.2355975861861115,,,60.2847703297933,4.092402816895705,True,0.09333333124717076,65.0,fixed-pool proxy: gap uses median clean candidate margin minus 2*q90 paired cost drift; SMPR is endpoint-only when present
TwoRoom,0.05,0.08,3,96.111111,1.498970972136776,95.88888877777778,1.547598809147288,91.44444428888889,True,0.16107677094079015,0.01581520435045929,,2.2304200331370034,0.15700500190332217,,9.018791198730469,0.5324215122990671,,85.6313959757487,3.8934119777724083,,,67.59381357828777,4.4603404970696765,True,0.05999999990065893,65.0,fixed-pool proxy: gap uses median clean candidate margin minus 2*q90 paired cost drift; SMPR is endpoint-only when present
TwoRoom,0.06,0.08,3,96.00000022222223,1.6996731276162385,95.77777777777777,1.5475984342135751,91.44444428888889,True,0.12434617630943179,0.01392916510878206,,1.7108299334843953,0.14442516714076328,,7.79389492670695,0.3377723387966064,,80.94021097819011,7.496159405987046,,,65.3524211247762,6.903688676541104,True,0.05333333338300387,65.0,fixed-pool proxy: gap uses median clean candidate margin minus 2*q90 paired cost drift; SMPR is endpoint-only when present
TwoRoom,0.07,0.08,3,96.44444433333334,0.6285392039198668,96.44444455555556,0.3142697590948061,91.44444428888889,True,0.11553046189247175,0.005658799821825959,,1.556163986523946,0.05472353511491464,,6.36750062306722,0.2864775623257595,,70.23500569661458,4.168136999294289,,,57.50000445048014,4.501008424235315,True,0.06333333378036816,65.0,fixed-pool proxy: gap uses median clean candidate margin minus 2*q90 paired cost drift; SMPR is endpoint-only when present
TwoRoom,0.08,0.08,3,97.22222211111111,0.8314795380658779,97.11111088888889,0.5665578326859542,91.44444428888889,True,0.11120286515502383,0.015943404559836595,0.989070991675059,1.458317240079244,0.1997386748401028,,6.002133210500081,0.471958833480248,,65.46274058024089,2.7013503622176,,,53.45847415924072,2.21286946685463,True,0.03999999972681204,65.0,fixed-pool proxy: gap uses median clean candidate margin minus 2*q90 paired cost drift; SMPR is endpoint-only when present
PushT,0.00,0.08,3,81.77777777777777,4.886362983843559,7.222222111111111,5.8139889347446605,70.86666646666667,False,3.5801502993462258,0.2600041231471354,0.43877550462881726,20.45431073506673,0.7697644803619131,,163.82170867919922,36.43091730937594,,129.20811971028647,14.023011981072987,,,-198.43529764811197,86.87910520247108,False,0.8900000055631002,65.0,fixed-pool proxy: gap uses median clean candidate margin minus 2*q90 paired cost drift; SMPR is endpoint-only when present
PushT,0.01,0.08,3,85.888889,1.4989707497619815,37.888888888888886,12.368817654603836,70.86666646666667,False,2.622097675243477,0.5211761988607386,,14.900382995605469,2.6864599427285984,,80.47487513224284,22.369684294386705,,132.05403645833334,8.74877411258911,,,-28.895713806152344,46.65582627190529,False,0.4166666666666667,65.0,fixed-pool proxy: gap uses median clean candidate margin minus 2*q90 paired cost drift; SMPR is endpoint-only when present
PushT,0.02,0.08,3,87.33333344444445,0.7200821969542021,62.66666655555556,11.98455791301333,70.86666646666667,False,1.5730136456026775,0.672913410872626,,8.74263588587443,3.415352507113875,,46.699232737223305,18.124059415106093,,132.34638214111328,8.07820712921308,,,38.947916666666664,44.315389576723746,True,0.17666666706403097,65.0,fixed-pool proxy: gap uses median clean candidate margin minus 2*q90 paired cost drift; SMPR is endpoint-only when present
PushT,0.03,0.08,3,89.6666668888889,1.571348398669499e-07,82.44444466666667,1.6629588682618972,70.86666646666667,True,0.6628160423605387,0.05529120641062098,,3.950287103652954,0.31949221325413985,,18.16425959269206,0.32229818541143834,,143.29210408528647,8.265499082203796,,,106.96358489990234,7.676432405822333,True,0.06333333315948646,65.0,fixed-pool proxy: gap uses median clean candidate margin minus 2*q90 paired cost drift; SMPR is endpoint-only when present
PushT,0.04,0.08,3,89.11111111111111,0.8314794192830977,86.55555555555556,0.15713507596600043,70.86666646666667,True,0.4586909401829954,0.03319507284134366,,2.652049700419108,0.16531141294375803,,13.399640083312988,0.9643173040659527,,142.37537638346353,3.5804489803799617,,,115.57609621683757,3.6215017231327473,True,0.06666666641831398,65.0,fixed-pool proxy: gap uses median clean candidate margin minus 2*q90 paired cost drift; SMPR is endpoint-only when present
PushT,0.05,0.08,3,83.9999998888889,3.030707068215823,81.11111111111111,3.034777633361411,70.86666646666667,True,0.4722448987387924,0.050259817105524525,,2.5827458699544272,0.17801404731516626,,13.772895495096842,2.174904657702539,,126.12442779541016,1.7172118644057748,,,98.57863680521648,6.064939033206791,True,0.06333333253860474,65.0,fixed-pool proxy: gap uses median clean candidate margin minus 2*q90 paired cost drift; SMPR is endpoint-only when present
PushT,0.06,0.08,3,88.22222211111111,1.3425608200582875,86.77777755555556,0.6285395181895532,70.86666646666667,True,0.3686410576387127,0.08205136681280133,,2.0044796069463096,0.24138914063031247,,11.18152109781901,3.584488102026194,,132.18439229329428,21.336521555375054,,,109.82135009765625,28.301368686256065,True,0.04333333236475786,65.0,fixed-pool proxy: gap uses median clean candidate margin minus 2*q90 paired cost drift; SMPR is endpoint-only when present
PushT,0.07,0.08,3,86.44444455555556,0.8748899190014683,84.0,0.2721652548103785,70.86666646666667,True,0.303113495143147,0.02523447994247014,,1.703106959660848,0.10396929056846764,,8.764248212178549,0.41219255663097665,,130.37464141845703,2.7084164588468664,,,112.84614499409993,3.4239086797695664,True,0.03666666646798452,65.0,fixed-pool proxy: gap uses median clean candidate margin minus 2*q90 paired cost drift; SMPR is endpoint-only when present
PushT,0.08,0.08,3,86.88888911111111,1.5947443542949358,85.77777766666667,3.4462360430181724,70.86666646666667,True,0.24658488087623917,0.01730877132588809,1.0,1.3878515561421711,0.10567700647774003,,7.154856363932292,0.5897810751884456,,132.04578653971353,9.243491498353098,,,117.73607381184895,10.213202554456574,True,0.02666666607062022,65.0,fixed-pool proxy: gap uses median clean candidate margin minus 2*q90 paired cost drift; SMPR is endpoint-only when present
Reacher,0.00,0.08,3,59.22222222222222,1.0304023066648855,18.222222444444444,0.41573967994588396,70.31111106666667,False,2.6281929154541346,0.04794077858802557,0.7333333094914755,18.120424270629883,0.287760977947405,,217.3047841389974,2.4785750554050323,,17.289540608723957,0.597411998515168,,,-417.3200276692708,5.380500700157044,False,0.9033333460489908,65.0,fixed-pool proxy: gap uses median clean candidate margin minus 2*q90 paired cost drift; SMPR is endpoint-only when present
Reacher,0.01,0.08,3,62.66666655555555,1.1863418719058427,44.55555555555556,2.5724082006200497,70.31111106666667,False,2.5441452735080143,0.10543009817272116,,17.57846196492513,0.6713103708334701,,134.83725229899088,15.31566540857075,,18.950170516967773,0.5462887411713969,,,-250.724334081014,31.045099576376643,False,0.6299999952316284,65.0,fixed-pool proxy: gap uses median clean candidate margin minus 2*q90 paired cost drift; SMPR is endpoint-only when present
Reacher,0.02,0.08,3,77.00000022222223,6.182412174572019,70.33333355555555,9.463379554503383,70.31111106666667,True,0.9398550130436658,0.8526972773744582,,6.560034553209941,5.959716750585271,,37.67121767997742,33.62785539032313,,18.542755126953125,1.3836103315304014,,,-56.79968023300171,68.32826676251636,False,0.1900000007202228,65.0,fixed-pool proxy: gap uses median clean candidate margin minus 2*q90 paired cost drift; SMPR is endpoint-only when present
Reacher,0.03,0.08,3,78.22222222222223,1.6629588385661966,76.77777788888889,4.166296383546854,70.31111106666667,True,0.23839292888025457,0.034914300730450064,,1.667327602704366,0.24162085874335254,,12.135450681050619,1.5703511568724888,,17.58095423380534,0.6392854112532604,,,-6.689947128295898,3.770512425715227,False,0.03999999972681204,65.0,fixed-pool proxy: gap uses median clean candidate margin minus 2*q90 paired cost drift; SMPR is endpoint-only when present
Reacher,0.04,0.08,3,81.77777766666667,1.594744555573366,80.55555566666666,1.0304019592037306,70.31111106666667,True,0.14852477863648708,0.006280817613690753,,1.0361265341440837,0.04323220677862909,,7.249130884806315,0.3643351232052914,,19.287330627441406,0.5886254330584332,,,4.789068857828776,1.2500096156251777,True,0.019999999552965164,65.0,fixed-pool proxy: gap uses median clean candidate margin minus 2*q90 paired cost drift; SMPR is endpoint-only when present
Reacher,0.05,0.08,3,76.44444433333334,4.565030726168688,77.77777766666667,5.665577128371908,70.31111106666667,True,0.08821383422203977,0.029912354804945585,,0.6306339899698893,0.19744729188273957,,4.896462281545003,1.4253446398849121,,15.177976608276367,3.1406110649025445,,,5.38505204518636,0.9489958866983658,True,0.0366666658471028,65.0,fixed-pool proxy: gap uses median clean candidate margin minus 2*q90 paired cost drift; SMPR is endpoint-only when present
Reacher,0.06,0.08,3,82.222222,2.793290170266719,80.66666677777778,1.186342121662067,70.31111106666667,True,0.09563227408392813,0.004011606231678928,,0.6730780005455017,0.03436189909322958,,5.011875152587891,0.2525813732205068,,18.92540105183919,0.7433224013855272,,,8.901650746663412,0.25454129207894705,True,0.009999999776482582,65.0,fixed-pool proxy: gap uses median clean candidate margin minus 2*q90 paired cost drift; SMPR is endpoint-only when present
Reacher,0.07,0.08,3,82.11111122222222,2.1998878422589074,83.33333322222222,1.088662107903648,70.31111106666667,True,0.08655355311744815,0.002227724010600545,,0.6054496169090271,0.019470216108626152,,4.54153315226237,0.15480928222564827,,18.797756830851238,1.011403142634333,,,9.714690526326498,1.214336238864255,True,0.0033333332588275275,65.0,fixed-pool proxy: gap uses median clean candidate margin minus 2*q90 paired cost drift; SMPR is endpoint-only when present
Reacher,0.08,0.08,3,81.33333333333333,2.325383441101323,81.55555533333333,0.874889820223604,70.31111106666667,True,0.08221889149710185,0.004718758712354066,0.9966666499773661,0.5813565055529276,0.02713498868546211,,4.242626905441284,0.20436636436816183,,20.078541437784832,0.4545080732982748,,,11.593287626902262,0.7759111389588043,True,0.016666666294137638,65.0,fixed-pool proxy: gap uses median clean candidate margin minus 2*q90 paired cost drift; SMPR is endpoint-only when present
Cube,0.00,0.08,3,65.22222222222223,1.0999438818457425,43.111111,3.2697642079068436,61.422222022222215,False,2.3199742741064218,0.04549574032609863,0.45333331823349,21.73699378967285,0.1458213002684176,,198.70443216959634,4.190604105634013,,82.75600179036458,4.567831088467801,,,-314.6528625488281,8.912288106539329,False,0.9133333166440328,65.0,fixed-pool proxy: gap uses median clean candidate margin minus 2*q90 paired cost drift; SMPR is endpoint-only when present
Cube,0.01,0.08,3,66.77777777777777,1.812167401582451,48.777777666666665,0.3142698376621932,61.422222022222215,False,1.947262388223751,0.12612293598939103,,17.85968017578125,1.2207629939458138,,138.2227783203125,20.825555151811578,,91.37587992350261,4.833760427051556,,,-185.0696767171224,43.59260925510447,False,0.6566666563351949,65.0,fixed-pool proxy: gap uses median clean candidate margin minus 2*q90 paired cost drift; SMPR is endpoint-only when present
Cube,0.02,0.08,3,63.666666666666664,2.6246692913372702,56.66666655555556,3.067149877389493,61.422222022222215,False,0.8773475617902511,0.6174551229756887,,8.342468400796255,5.835095717076343,,54.18049192428589,38.276124025955326,,78.94141133626302,14.86051425190221,,,-29.419572512308758,66.54397910460641,False,0.23999999463558197,65.0,fixed-pool proxy: gap uses median clean candidate margin minus 2*q90 paired cost drift; SMPR is endpoint-only when present
Cube,0.03,0.08,3,64.55555533333333,1.662958868261894,65.99999977777777,1.6996733237323667,61.422222022222215,True,0.7114177484332332,0.03471907181717893,,6.9019012451171875,0.3643936132106947,,39.481066385904946,3.1017991630507935,,82.9525883992513,9.831791142809445,,,3.9904556274414062,15.64707510848249,True,0.07666666681567828,65.0,fixed-pool proxy: gap uses median clean candidate margin minus 2*q90 paired cost drift; SMPR is endpoint-only when present
Cube,0.04,0.08,3,68.11111133333334,1.0304019592037306,64.111111,0.8314793895874185,61.422222022222215,True,0.3995892671456887,0.03135960901027323,,3.6561577320098877,0.2336876922765268,,20.345876693725586,2.244932883758961,,85.64442698160808,6.011273509202489,,,44.9526735941569,10.500985734216062,True,0.029999999329447746,65.0,fixed-pool proxy: gap uses median clean candidate margin minus 2*q90 paired cost drift; SMPR is endpoint-only when present
Cube,0.05,0.08,3,62.666666444444445,3.3993462334417806,63.55555566666667,2.528846020921577,61.422222022222215,True,0.13608365256233276,0.07564347896534772,,1.3134222229321797,0.6702661721480686,,7.3895619710286455,3.8594937674808545,,71.2499516805013,22.18379700279181,,,56.47082773844401,14.924973003004277,True,0.0033333332588275275,65.0,fixed-pool proxy: gap uses median clean candidate margin minus 2*q90 paired cost drift; SMPR is endpoint-only when present
Cube,0.06,0.08,3,65.9999998888889,1.186342184101117,64.88888888888889,1.8525926444237317,61.422222022222215,True,0.13595585861289805,0.0014552316763670947,,1.302788774172465,0.011468768267195078,,7.302937189737956,0.09093715379831538,,90.19571685791016,4.83353647018962,,,75.58984247843425,4.6591899806984305,True,0.006666666517655055,65.0,fixed-pool proxy: gap uses median clean candidate margin minus 2*q90 paired cost drift; SMPR is endpoint-only when present
Cube,0.07,0.08,3,64.66666688888888,2.1602467451659404,65.22222244444444,1.5475985458959565,61.422222022222215,True,0.11202621835325124,0.00948961016193027,,1.0764244000116985,0.07827317581810347,,5.781481742858887,0.0835769777943811,,92.08013407389323,6.316235003403131,,,80.51717058817546,6.247968160920574,True,0.0033333332588275275,65.0,fixed-pool proxy: gap uses median clean candidate margin minus 2*q90 paired cost drift; SMPR is endpoint-only when present
Cube,0.08,0.08,3,61.66666677777778,3.569417547672122,62.55555566666667,1.547598849033849,61.422222022222215,True,0.10025460514306327,0.006909466777962075,1.0,0.9425033529599508,0.04378128090387327,,5.048356056213379,0.11502860180266455,,76.94283294677734,12.195891094321054,,,66.84612083435059,11.982329622279751,True,0.0033333332588275275,65.0,fixed-pool proxy: gap uses median clean candidate margin minus 2*q90 paired cost drift; SMPR is endpoint-only when present
