task,rho,n_training_seeds,recovery_label_rate,obs_sigma_008_score_mean,cert_pass_rate_mean,cert_pass_rate_pstdev,top1_flip_rate_mean,top1_flip_rate_pstdev,gap_q10_q95_mean,gap_q10_q95_pstdev,gap_q50_q95_mean,gap_q50_q95_pstdev,max_drift_q95_mean,clean_margin_q10_mean,candidate_count_mean
TwoRoom,0.00,3,0.0,68.77777788888889,0.05333333338300387,0.004714044224483851,0.8033333222071329,0.02494438533969661,-1084.6281830469768,43.98275574936017,-975.8979034423828,38.9068966815765,550.1383056640625,15.648428281148275,65.0
TwoRoom,0.01,3,0.6666666666666666,93.44444466666667,0.21333332856496176,0.03299831308362434,0.40666666626930237,0.06944222891982171,-774.616987546285,76.78988870626675,-661.2278823852539,69.30696844309776,393.2183329264323,11.81967830657959,65.0
TwoRoom,0.02,3,1.0,95.44444444444444,0.4633333384990692,0.02867441446190051,0.1633333365122477,0.02624669311523406,-560.235754330953,33.29369286007325,-430.76348368326825,26.459441854436314,285.38133748372394,10.526920636494955,65.0
TwoRoom,0.03,3,1.0,95.111111,0.5733333230018616,0.023570203561232378,0.09333333497246106,0.041899352919816564,-334.8745873769124,39.918561637837094,-208.93089294433594,36.04747455844784,173.0953572591146,11.316127141316732,65.0
TwoRoom,0.04,3,1.0,95.88888888888889,0.6366666555404663,0.036817883512192784,0.06666666641831398,0.004714045980602539,-269.51094881693524,63.44121117275085,-156.74866739908853,55.4974109558663,138.07227579752603,6.633602778116862,65.0
TwoRoom,0.05,3,1.0,95.88888877777778,0.6833333373069763,0.0659966181392779,0.0566666666418314,0.018856181288232125,-277.0643286705017,113.8197391853056,-175.83968607584634,101.7296981880917,143.97191111246744,10.879493554433187,65.0
TwoRoom,0.06,3,1.0,95.77777777777777,0.7066666682561239,0.023570231659131385,0.02666666607062022,0.004714045102543195,-196.81075191497803,105.52555739540882,-90.34519449869792,101.36114564525143,102.6063232421875,8.401894569396973,65.0
TwoRoom,0.07,3,1.0,96.44444455555556,0.7400000095367432,0.01632991604511815,0.0466666662444671,0.01699673218442385,-144.81853421529135,37.343028879701805,-44.50973002115885,29.238897676602527,76.08662033081055,7.354706446329753,65.0
TwoRoom,0.08,3,1.0,97.11111088888889,0.7266666491826376,0.030912060023394586,0.033333332588275276,0.004714045102543195,-178.96318085988364,44.2060795555437,-87.53024800618489,37.94069890563777,94.36395517985027,9.764729499816895,65.0
PushT,0.00,3,0.0,7.222222111111111,0.006666666517655055,0.00942809020508639,0.9233333269755045,0.02867441330708837,-917.3826920191447,44.312418379323304,-804.6842753092448,60.93214538314771,462.29176839192706,7.200844764709473,65.0
PushT,0.01,3,0.0,37.888888888888886,0.14666666587193808,0.02624669311523406,0.4533333381017049,0.10370900806101849,-795.5383534431458,59.76397310088871,-678.5459213256836,71.18310827644545,401.86793009440106,8.197506745656332,65.0
PushT,0.02,3,0.3333333333333333,62.66666655555556,0.339999998609225,0.07874007492998673,0.21666666865348816,0.06798692630239703,-538.4797271092733,84.20776183042618,-417.33309682210285,95.7276175533118,273.9034372965495,9.327147483825684,65.0
PushT,0.03,3,1.0,82.44444466666667,0.5833333333333334,0.02624669563850015,0.07666666681567828,0.012472193001722814,-286.9847815831502,64.03210009648508,-170.96514638264975,75.95800183039468,150.88509623209634,14.78541088104248,65.0
PushT,0.04,3,1.0,86.55555555555556,0.6400000055631002,0.0571547617773297,0.053333332762122154,0.020548046116558326,-228.11163902282715,22.210746329808465,-112.57581583658855,28.399502300292088,120.182861328125,12.254083633422852,65.0
PushT,0.05,3,0.6666666666666666,81.11111111111111,0.6133333444595337,0.08219220501317813,0.03999999972681204,0.02160246879925246,-211.6006293296814,73.98497388922036,-103.56039428710938,74.2694295846976,110.6527582804362,9.704887231191,65.0
PushT,0.06,3,1.0,86.77777755555556,0.6900000174840292,0.063770416830008,0.0699999990562598,0.008164965626776101,-170.52092202504477,50.71763594915473,-59.14221700032552,69.59110468043436,88.83341725667317,7.145912488301595,65.0
PushT,0.07,3,1.0,84.0,0.6900000174840292,0.02828427237137786,0.029999999329447746,0.02160246851184006,-163.41349919637045,21.69008417239409,-53.5763905843099,25.85383907538529,86.43754069010417,9.46158218383789,65.0
PushT,0.08,3,1.0,85.77777766666667,0.7433333396911621,0.041096102506589065,0.029999999950329464,0.01632993201397381,-126.17935307820638,13.451019471434007,-3.4843419392903647,13.877943941916051,66.51391728719075,6.84848149617513,65.0
Reacher,0.00,3,0.0,18.222222444444444,0.0033333332588275275,0.004714045102543195,0.8799999952316284,0.032659880757224966,-935.218993028005,32.097269567060515,-921.7754748662313,31.42472563050585,468.3039042154948,1.3888154029846191,65.0
Reacher,0.01,3,0.0,44.55555555555556,0.049999999503294625,0.02160246908666484,0.5533333321412405,0.06599662917773971,-865.4670387506485,28.27536602441697,-850.9518407185873,27.420458421850668,433.4468994140625,1.4267600774765015,65.0
Reacher,0.02,3,0.3333333333333333,70.33333355555555,0.30000000447034836,0.2616613673829692,0.1999999980131785,0.15577761738634827,-323.3422230084737,315.7750914130949,-307.95067342122394,315.84426020846314,162.33701737721762,1.331811745961507,65.0
Reacher,0.03,3,1.0,76.77777788888889,0.3400000035762787,0.0535412585271382,0.07333333293596904,0.01885618216629147,-74.36502861976624,8.82755882669786,-58.81120045979818,8.872474342621596,37.87285486857096,1.3806811173756917,65.0
Reacher,0.04,3,1.0,80.55555566666666,0.4499999980131785,0.008164970189309262,0.03666666646798452,0.012472191674221759,-42.79466132322947,3.364099558724172,-27.761675516764324,2.8275042666106662,21.975440343221027,1.1562193632125854,65.0
Reacher,0.05,3,0.6666666666666666,77.77777766666667,0.5333333214124044,0.041899337212303614,0.03666666646798452,0.012472191674221759,-31.108292539914448,6.825013611687017,-16.647036870320637,5.145323172375591,16.056657473246258,1.005022406578064,65.0
Reacher,0.06,3,1.0,80.66666677777778,0.5766666730244955,0.032998341181523345,0.016666666294137638,0.01699673133206939,-27.602121233940125,0.379647950724951,-12.120578130086264,1.592290740440338,14.655465443929037,1.7088096539179485,65.0
Reacher,0.07,3,1.0,83.33333322222222,0.5800000031789144,0.016329940378618523,0.019999999552965164,0.008164965626776053,-28.448438783486683,1.6393119222037054,-13.441396713256836,2.1274041623645905,14.846983591715494,1.2455283999443054,65.0
Reacher,0.08,3,1.0,81.55555533333333,0.6066666642824808,0.012472205944860338,0.01333333303531011,0.004714045102543195,-24.707752148310345,2.2950921769184607,-8.935172398885092,0.9013939488406664,13.024733861287435,1.3417155742645264,65.0
Cube,0.00,3,0.0,43.111111,0.0033333332588275275,0.004714045102543195,0.9233333269755045,0.026246685545445608,-1005.3050858179728,13.91944011110951,-947.3762944539388,16.286356506229808,510.50452677408856,15.703967730204264,65.0
Cube,0.01,3,0.0,48.777777666666665,0.04999999888241291,0.014142135307629587,0.6799999872843424,0.12675435542411703,-842.9791158040365,68.82195724386844,-785.6231053670248,61.63573245142995,431.2746988932292,19.570281982421875,65.0
Cube,0.02,3,0.0,56.66666655555556,0.3699999948342641,0.3343650553047431,0.27666667103767395,0.22065559721368486,-361.3767137527466,272.6365253818398,-302.37146949768066,263.43386728786743,188.0698480606079,14.762982368469238,65.0
Cube,0.03,3,1.0,65.99999977777777,0.31333333253860474,0.041096102506589065,0.10000000273187955,0.037416576682041444,-270.38612874348956,20.376048204670948,-214.41424560546875,19.14572607853064,144.63013712565103,18.8741455078125,65.0
Cube,0.04,3,1.0,64.111111,0.5199999809265137,0.008164958022559074,0.05333333400388559,0.03299831778751372,-135.64686743418375,14.270204400882896,-82.61457061767578,19.3978986365234,75.52367655436198,15.400485674540201,65.0
Cube,0.05,3,0.6666666666666666,63.55555566666667,0.7699999809265137,0.1023067278887331,0.019999999552965164,0.008164965626776053,-40.37669086456299,23.375937832714353,9.005011558532715,11.87250515686625,26.713520526885986,13.050350189208984,65.0
Cube,0.06,3,1.0,64.88888888888889,0.8066666523615519,0.024944380029697902,0.0033333332588275275,0.004714045102543195,-38.87436389923096,13.680595827728649,16.914690653483074,8.663870972459494,28.13155746459961,17.38875102996826,65.0
Cube,0.07,3,1.0,65.22222244444444,0.8366666634877523,0.012472200634866716,0.0033333332588275275,0.004714045102543195,-30.910545984903973,0.6468275252635036,28.065383911132812,9.762911052264657,25.062347412109375,19.214148839314777,65.0
Cube,0.08,3,0.3333333333333333,62.55555566666667,0.8300000031789144,0.014142150234638435,0.0033333332588275275,0.004714045102543195,-31.271353721618652,7.739189941785146,16.28556950887044,5.760956468115516,22.51135190327962,13.751350084940592,65.0
